lg_code,prefecture_code,xmin,ymin,xmax,ymax
01101,01,141.20189444916969,42.9976569464111,141.3896355507403,43.08611583757602
01102,01,141.26645500629365,43.06682083811137,141.4416063942199,43.18942236035383
01103,01,141.34323749661337,43.06841250503322,141.4572574972359,43.16694027867106
01104,01,141.36644555062185,43.022273891826785,141.47346221840678,43.10011055935502
01105,01,141.3524327758521,42.92956333338128,141.43406861227686,43.05796861336097
01106,01,140.99115834028532,42.78083861281192,141.3974133329591,43.12048027924163
01107,01,141.1528558371274,43.015195279438785,141.32827250257412,43.11695333332983
01108,01,141.44386749668774,43.007057774696705,141.50542167327183,43.09611889237317
01109,01,141.15227888516256,43.076392505210094,141.2859941627006,43.1603252793883
01110,01,141.38652555121337,42.88839527941877,141.48242221791122,43.026090837622235
01202,01,140.69274284021003,41.710102837676004,141.18742888463555,42.00935222512527
01203,01,140.84480980482886,43.06084027905581,141.29183167289352,43.23981922477759
01204,01,142.14827693872996,43.54430333293266,142.74145916990494,43.956223333240416
01205,01,140.90831730170225,42.30193805439785,141.05438897457168,42.437262505060744
01206,01,143.702830829979,42.84225250504926,144.48573429270357,43.53096361258082
01207,01,142.6870783402934,42.61486361296551,143.26829805401212,42.9528286130502
01208,01,143.13630500607132,43.59151805421499,144.12233972789636,44.18468694574614
01209,01,141.90304472113712,42.859797775447134,142.33018221813506,43.225259171174
01210,01,141.61108138819566,43.07536555857382,142.04385834039033,43.337722225000846
01211,01,144.0195511147923,43.776466667303,144.4332763943903,44.11574194633391
01212,01,141.6078933329112,43.75649610790924,141.9002586124452,43.99385804531272
01213,01,141.33933666655412,42.57486544118734,141.8297713881392,42.78771750465927
01214,01,141.56843610873966,45.169051667000986,142.05342472127404,45.522957359894406
01215,01,141.69442055766274,43.248441107970905,142.06216944196638,43.419682224755036
01216,01,142.04599138839205,43.206651108062374,142.36812138759217,43.66077166677917
01217,01,141.44439167283758,43.016069171355355,141.66880416328172,43.17271472120757
01218,01,141.97388389062928,43.48186527925941,142.14893916980702,43.64793944105253
01219,01,143.09514583741066,43.9915452785919,143.55904444864257,44.4007886132041
01220,01,142.17213917038657,43.91500472119111,142.90255250309576,44.29721527866235
01221,01,142.2780194422436,44.17254805414956,142.6404038912268,44.48309722525693
01222,01,141.7997055511704,43.143285278692815,142.16151888478885,43.358829171329376
01223,01,145.19560221756842,43.15884194569941,146.40814822266248,43.651462107990085
01224,01,141.17230306123747,42.68146444133106,141.86998138803085,42.953175000426086
01225,01,141.8782816727612,43.532491666857084,142.0861291700254,43.67239250481043
01226,01,141.86912277559577,43.44932055909669,141.99623277642172,43.563532225032304
01227,01,141.96920416314174,43.43607361280715,142.09347805386926,43.534871666894105
01228,01,141.96186416280102,43.63098750466975,142.24010221804315,44.04949777470273
01229,01,142.2716688850112,43.15668889227874,142.67757972782238,43.40136555907344
01230,01,140.96859944211076,42.35192110837261,141.18913920900752,42.5548197209535
01231,01,141.23555583683253,42.79572361305446,141.65266749740726,42.987408892006954
01233,01,140.77313927415832,42.3796770987193,141.19908416310386,42.827313891722895
01234,01,141.41360500586654,42.89145777495651,141.59723472090582,43.02480389158649
01235,01,141.24749581098308,43.13362083843111,141.59770082962973,43.73778610844232
01236,01,140.42750250303823,41.72283658583996,140.71956138804785,41.99983999961648
01303,01,141.39817000004564,43.1617822251697,141.72776444867054,43.58486333277676
01304,01,141.56656027223892,43.1576366670987,141.6725936060103,43.286125837637485
01331,01,139.3345549419572,41.35211666705072,140.20836416317582,41.63212110770314
01332,01,140.16446805355804,41.40468027887192,140.4087577816465,41.626848612773415
01333,01,140.2110955508192,41.51671555937571,140.43702861228076,41.66897750510793
01334,01,140.28098500565363,41.65241194625446,140.55570347593482,41.813666386694536
01337,01,140.57577360556763,41.84614583766046,140.78749250257715,42.06300389161646
01343,01,140.6773361090743,41.926546305967406,140.86463639355486,42.09734000014106
01345,01,140.3934574969661,41.96067638700583,140.76718027185223,42.176731108054355
01346,01,139.9205974967772,42.023176666570066,140.4569858374266,42.39487138660536
01347,01,140.1880902723484,42.37492544075667,140.54650749702353,42.63194610842635
01361,01,140.11007439691605,41.809888332980336,140.26104778232946,41.97710472100624
01362,01,139.99206333275674,41.575983332864666,140.35805749675626,41.85699805391721
01363,01,140.15144778228955,41.78694666715512,140.47355138818614,42.053785837946236
01364,01,140.07055221831035,41.95257583810462,140.28000389116687,42.09403889198143
01367,01,139.40498749737526,42.05236958558805,139.5615938907456,42.25274546762938
01370,01,139.9223022183728,42.27218389187328,140.26613221822743,42.61768722518548
01371,01,139.76672360620967,42.13544250536751,140.03840306135237,42.616686667355964
01391,01,139.8231652790546,42.54502999973488,140.23155778216608,42.80643555935376
01392,01,140.17324083040023,42.720754720753916,140.38049221834137,42.87757305375362
01393,01,140.19513693901865,42.58760055901877,140.55669639402356,42.77059333281625
01394,01,140.35855194581586,42.63541110813628,140.64279583735822,42.913229721374705
01395,01,140.56227500558725,42.707179440978564,140.80683555102007,42.87799694560272
01396,01,140.71980472121106,42.657686945596254,140.91041472126255,42.82693417097539
01397,01,140.77797749726392,42.66849999997521,141.01070000040488,42.77247110825522
01398,01,140.80683555102007,42.71570833337307,141.10711722438054,42.885867775277745
01399,01,140.80683555102007,42.80468805431042,141.05274833956435,42.9861486126685
01400,01,140.6180180535905,42.82031527942678,140.92388527858293,43.01508055922062
01401,01,140.52300641961074,42.887584721357996,140.7713827758946,43.096317225259895
01402,01,140.38087389061775,42.89915444102479,140.53493722427368,42.998900036107955
01403,01,140.44525250320066,43.028346467715494,140.59057610920024,43.159893054421104
01404,01,140.32454500624726,43.118648612943275,140.54063306066735,43.281839441237366
01405,01,140.33644277611336,43.21170138680969,140.6302655509146,43.375399721420195
01406,01,140.5253436056231,43.078044171301656,140.70030805417355,43.29478679277645
01407,01,140.6318805579416,43.00155917131889,140.83330167343365,43.17503555934377
01408,01,140.64644111516554,43.11106110838364,140.92389306131588,43.25260110825474
01409,01,140.76097333275334,42.954616946415115,141.04500500587653,43.13228138727635
01423,01,141.56431693857598,42.99600917078675,141.70978583724673,43.12067499955174
01424,01,141.82297722411977,43.37228194635492,142.0538055508856,43.46062861292029
01425,01,141.94529972810017,43.409019721383174,142.07244360638754,43.484870837819074
01427,01,141.74614194629396,42.837092224826506,142.0435766673295,43.053273612687235
01428,01,141.57972444942402,42.88500583804915,141.76990722383948,43.08382722484674
01429,01,141.7551658372338,42.902205278650854,141.9730055506658,43.13045917105404
01430,01,141.58117221762393,43.283548054199514,141.7732569385571,43.459645838284985
01431,01,141.72080111497962,43.35652805442635,141.86783250296787,43.501070558759466
01432,01,141.49062527873377,43.443004999881,141.90443472138543,43.708359441235416
01433,01,141.8993874967358,43.6618061083654,141.9947408299255,43.7488849997431
01434,01,141.89494916976855,43.74516166707747,142.0107952788792,43.81430833316324
01436,01,141.52503194626752,43.60693250513117,141.92139082972324,43.746003053897994
01437,01,141.52315194590574,43.705191666562314,141.911866394119,43.851467505321295
01438,01,141.85837277628275,43.76745027940706,142.0856969387629,44.00628305441961
01452,01,142.27126888455155,43.786719170653384,142.42139944243047,43.96294944106404
01453,01,142.39135167284155,43.62483777504343,142.62976306061694,43.73150722537832
01454,01,142.45753693887877,43.73891833331459,142.71273693895876,43.89755694629622
01455,01,142.4320830609846,43.8388647209303,142.54396972762106,43.99333027906931
01456,01,142.5108872236666,43.82872027921769,142.77425555095306,44.029225559312295
01457,01,142.6814783401535,43.526277224714306,143.17968055841118,43.953120558866885
01458,01,142.47318749690567,43.61545027920721,142.90735306079534,43.75072777536673
01459,01,142.320528612006,43.41762027895288,142.9120436062276,43.66894777492007
01460,01,142.38203083025883,43.38155889212936,142.68631167274566,43.551055000388146
01461,01,142.34560083021427,43.35146166702248,142.56170833966837,43.471390279138234
01462,01,142.24315111493218,43.0049897206992,142.7791097280317,43.40510250477695
01463,01,142.27279250337153,42.88383166699799,142.72777194611865,43.13315944125537
01464,01,142.2356986121015,43.93955222455571,142.49161610929616,44.11332166656183
01465,01,142.26809221828148,44.03742333302057,142.44762444940898,44.18638138719143
01468,01,142.52953472115064,44.141752224885465,142.8824452791265,44.48600083756878
01469,01,142.17947250315365,44.39333222530212,142.6568050063462,44.67083805433293
01470,01,142.13982805362195,44.602946667354956,142.41851138839002,44.826980559405456
01471,01,141.97639861180664,44.459842505427446,142.22185389094454,44.90518500018777
01472,01,142.02114722386546,43.90535750474521,142.32380360565207,44.478748054379366
01481,01,141.33773643269035,43.68444110807087,141.70474250306427,43.90312110755326
01482,01,141.65080430627393,43.925018891608715,142.07817555056135,44.21489194560695
01483,01,141.64701944199385,44.09084805379479,142.08818306059993,44.347202504592076
01484,01,141.29179749685716,44.20705999991924,142.0663783401884,44.455238053893254
01485,01,141.74705944183995,44.387462504990765,141.93911138788042,44.642943332768766
01486,01,141.7633694421462,44.354861387443236,142.1158172242857,44.84522610759893
01487,01,141.71516082970868,44.763316945620716,142.02819778190224,44.99321610813706
01511,01,141.95901369592548,45.05118750529931,142.34489805410215,45.402341386945636
01512,01,142.1536025026536,44.968111946009685,142.5039576388341,45.19211583757601
01513,01,142.12632861187615,44.777949721102914,142.43086555070477,45.02467333300808
01514,01,142.3026638907262,44.57810194614808,142.84205999956953,45.05972812575254
01516,01,141.57824666725003,45.03132583761749,142.0193608303382,45.274044441098226
01517,01,140.9630344489808,45.27341777461078,141.06698250314014,45.48012027932759
01518,01,141.12683805373342,45.096994721029716,141.25639138755264,45.224476387375546
01519,01,141.14910027186022,45.10068861258958,141.32947333312802,45.25969417144904
01520,01,141.66347555065636,44.87820555913942,142.17273639396956,45.100478333108754
01543,01,143.91147221816846,43.597870559378975,144.33194221795918,43.893477224894184
01544,01,143.77457167324428,43.46101417116722,144.23528610886706,43.76781638711674
01545,01,144.55419444871507,43.75733194591277,145.33764416324766,44.34510805369388
01546,01,144.48108194597523,43.60067861332749,144.734199441751,43.88340222523266
01547,01,144.33166250272245,43.67814389232694,144.56128778210564,43.95578917113352
01549,01,143.6172761087056,43.616355838051675,143.83358472095824,43.783826666767425
01550,01,143.1729863936074,43.50815333320992,143.6768066667944,43.775871666844125
01552,01,143.57096888520607,43.874658054026156,143.9667047210462,44.144343613267324
01555,01,143.00689167331223,43.69679889195544,143.5906636063405,44.11217917143176
01559,01,143.41047444923663,43.98698722488069,143.7764513876216,44.252523612574805
01560,01,142.8382783395739,43.91412389190424,143.19788472070343,44.291727774717174
01561,01,142.85639888470098,44.28685833344548,143.27613722395392,44.49785222490044
01562,01,142.80245138802127,44.21548333258988,143.0638452789367,44.438802775327986
01563,01,142.58406555138424,44.43181527865238,143.10046583722874,44.687202504991774
01564,01,144.04653610915432,43.70526694611283,144.38795444923858,43.96797333280324
01571,01,140.5331725026091,42.567020838441124,140.76283027179977,42.717780838115345
01575,01,140.82555805376137,42.503490559042234,141.0880950063796,42.64565389161396
01578,01,141.08521306143382,42.45162210787413,141.42477111519497,42.71383722460837
01581,01,141.77664893579993,42.58264072059296,142.11232083014238,42.87406722482274
01584,01,140.72569805412206,42.52038887424732,140.9717577819962,42.69948333338931
01585,01,141.7365605584232,42.69681277498972,141.9544205578626,42.92204666662053
01586,01,141.87680789886565,42.52851326057868,142.33399610893343,42.98713222457269
01601,01,141.966940103703,42.42119861322561,142.78779944169105,43.00980333295763
01602,01,142.04709138785745,42.521532775017704,142.69505221788575,42.89148277521008
01604,01,142.2222449287607,42.345013386958385,142.76406027236385,42.73865417115326
01607,01,142.64895916973012,42.13601472060304,143.11702917026014,42.466948613188094
01608,01,142.86380500589644,42.061024170829,143.20307583688054,42.26024583777536
01609,01,143.06785583707745,41.92504527901656,143.32609944243552,42.1910444407485
01610,01,142.33454370882532,42.20893610841483,142.89097500609182,42.66747138689516
01631,01,143.04040333284775,42.92493250473149,143.37507749682925,43.16650666694926
01632,01,143.09961221782976,43.07783083772313,143.41576082969868,43.2495147213275
01633,01,143.00854416318282,43.18758750505947,143.4120894418744,43.59537638681098
01634,01,142.92254749706956,43.010953054140316,143.1504758366907,43.39643722479826
01635,01,142.67179999997018,43.0127108384346,143.04546138803278,43.570003332787735
01636,01,142.74086555080476,42.838895279193935,143.02424610937067,43.12043833306279
01637,01,142.71643805387328,42.72206000036891,143.14747805366937,43.03476055935249
01638,01,142.75146333266684,42.56020055900876,143.19690885915668,42.73259499965968
01639,01,143.04053722391393,42.57009238655456,143.3041938909355,42.725561107858994
01641,01,142.82512221761647,42.37152499977907,143.52415666719662,42.67699055876744
01642,01,142.99983972762152,42.160040000246,143.38907150544583,42.44670889210187
01643,01,143.20334344994046,42.50926417060515,143.4526105577312,42.942851667370746
01644,01,143.32004194637886,42.87384944139876,143.59103944201684,43.11544166739918
01645,01,143.32805999956952,42.57346889207588,143.69075277572017,42.893952225415035
01646,01,143.38856138839753,43.05671555917587,143.79341944165412,43.24455417063865
01647,01,143.2112408303003,43.188710278956364,144.02976861203194,43.559293332621394
01648,01,143.45631333279425,43.34623472095575,143.9496050062662,43.640479721162365
01649,01,143.5490127756193,42.69831583800567,143.86934610923572,43.16440583805917
01661,01,144.39718666723104,42.93247270315288,144.7851217773483,43.11861750539373
01662,01,144.56983082982913,42.94670166684864,145.00795433162727,43.35168055931052
01663,01,144.91243527856545,42.991169721005974,145.32622805408164,43.26080722497363
01664,01,144.23768167257128,43.022090838421605,144.816835005931,43.577229720875096
01665,01,144.21748917038906,43.38838777537569,144.59492194639085,43.704938054148045
01667,01,144.12796527867488,43.072612505363,144.45123639434428,43.45376333321144
01668,01,143.7547386120974,42.9206533775515,144.22857147909065,43.37522610819849
01691,01,144.63849805384234,43.21495472118363,145.39090942882729,43.61508083771065
01692,01,144.57063138832814,43.46165833306577,145.1134450063821,43.702075558840136
01693,01,144.72020221805815,43.56377777502445,145.24557555077126,43.90237110804037
01694,01,144.87676055795362,43.85970833317322,145.36660778212365,44.34131250456858
01695,01,146.58499844432288,43.7015717208584,146.91966533099037,43.890341252047335
01696,01,145.39868124494365,43.652818279340295,145.8907258501181,44.11672205358008
01697,01,145.74251243819867,44.063834035612444,146.57386591388104,44.51682783823429
01698,01,146.8581297281047,44.42580202744176,147.9170279771596,45.173434531878286
01699,01,147.72132372241208,44.96964261281647,148.36597587468702,45.43802202689517
01700,01,148.34197997409672,45.22726081073802,148.8928186636506,45.556046505342124
02201,02,140.5202386903635,40.60592169383125,140.98094367141346,40.9702237483275
02202,02,140.15476700369447,40.46754769427082,140.59814922190924,40.76142094621986
02203,02,141.35472442289392,40.34797261284598,141.64652383910402,40.60346712560755
02204,02,140.564837639046,40.5347471347726,140.84426710804075,40.69188674787529
02205,02,140.30586814499907,40.72968900004747,140.5921018935877,41.12761374797623
02206,02,140.85144924768485,40.42110599964235,141.3036696369444,40.70167202734234
02207,02,141.31009632898258,40.66098580225315,141.4394878855577,40.88662326105481
02208,02,140.7641976648905,41.1276533604144,141.33897041495288,41.4557839726524
02209,02,140.2499330872423,40.75710010758405,140.43788311301546,41.012064801849306
02210,02,140.50891302241826,40.402335531559686,140.88006150503463,40.63095433287634
02301,02,140.83849610900836,40.80618427928124,141.0841249546031,41.0173426936106
02303,02,140.40685907898353,41.10238941394044,140.60337741893295,41.22856272139262
02304,02,140.5157744233511,40.94812177500006,140.6607922310768,41.036606224897525
02307,02,140.33893418866205,41.02220117124722,140.64675168614156,41.261422278915234
02321,02,140.068345836891,40.43501138726589,140.33713124491123,40.8004672791418
02323,02,139.86008152993884,40.419881918915564,140.16636481188675,40.76921825182103
02343,02,140.1195488068322,40.43114550486132,140.34780847018487,40.61601077507737
02361,02,140.4607808037913,40.64126083781758,140.578373579777,40.721957026595646
02362,02,140.43321494181635,40.39705933322182,140.67892061019813,40.55001299970036
02367,02,140.49705730215294,40.615240198176764,140.58207647175198,40.674428360080924
02381,02,140.42654574578967,40.666167837975536,140.5282454732502,40.7594662517663
02384,02,140.3396224119449,40.72200908115434,140.5014348115675,40.789817027234164
02387,02,140.24798822327807,40.91934322491005,140.52202747069134,41.24899283794929
02401,02,141.03940072586295,40.83027833277902,141.2582012839623,40.972006279266566
02402,02,140.9012338392704,40.63312222511075,141.27151719836024,40.81660627875692
02405,02,141.25705136223075,40.56272241400836,141.3805265497606,40.70065589235571
02406,02,141.22098718481095,40.96935736035408,141.3530761085757,41.1578302519647
02408,02,141.00670413718638,40.66448950518668,141.3679681064432,40.931614531785385
02411,02,141.23245364521972,40.83157886487288,141.40125872880742,41.132374423441036
02412,02,141.34382347597284,40.58089422498864,141.4629945909278,40.673924774808654
02423,02,140.88216452737117,41.42105977518867,140.9675935018388,41.55593453155353
02424,02,141.226047392973,41.106439332709215,141.4685394680222,41.431208441016906
02425,02,140.93388856000922,41.42075400029705,141.11568808004108,41.529469467642
02426,02,140.77828455279007,41.21013574756688,140.9403674190213,41.46866686528375
02441,02,140.98140374838442,40.30478764033751,141.31709778223706,40.42181080192711
02442,02,141.17541272441792,40.41912533276803,141.42441247725424,40.58725369360326
02443,02,140.9439737220098,40.217918198366306,141.1833566150159,40.39637044084333
02445,02,141.21101632934028,40.33107297293952,141.4534957464317,40.5042463056227
02446,02,141.51877055771524,40.3586576667181,141.68259082960333,40.479574251550616
02450,02,140.9797016986746,40.40093177528138,141.23782966290878,40.49866580188541
03201,03,140.99575111502213,39.56373272068868,141.52747797722702,39.93017630559217
03202,03,141.33690616059107,39.43899013478705,142.0719063289141,39.8306877394478
03203,03,141.6166949680985,38.98576015310874,141.92152186813985,39.20324569373395
03205,03,140.8787735535568,39.26036422512908,141.49574880726186,39.5769692519296
03206,03,140.81701994781247,39.17441144143504,141.2539857460455,39.48121594615918
03207,03,141.45643416340613,40.00856477464481,141.8761893388671,40.2958645858821
03208,03,141.29964622569298,39.192304279119355,141.7464157718706,39.558349333055446
03209,03,140.7638989110061,38.74765138720193,141.49396338500242,39.162121891812035
03210,03,141.4600615051345,38.93885617097567,141.7276254467571,39.12623105421994
03211,03,141.65438552537182,39.1676781075588,141.99697219181337,39.41248261298239
03213,03,141.02588977998948,40.08880222464313,141.38566372190337,40.37265638688291
03214,03,140.84447780840435,39.839921586112496,141.16902058433266,40.247628134930665
03215,03,140.74894147936595,38.985283505229745,141.40662372170755,39.318619414154796
03216,03,141.0004006360807,39.689965081223704,141.1681020230901,39.879236891869255
03301,03,140.77482247677608,39.517717414427295,141.0621360053725,39.88572305427567
03302,03,141.28726985731828,39.87431389237241,141.5895466667455,40.15360538737889
03303,03,141.1226267830997,39.83410463981744,141.43424722393047,40.08068744127257
03321,03,140.96178958492158,39.48336450476825,141.30938055766683,39.607652306209104
03322,03,141.0442305061331,39.570667892109725,141.1971700262759,39.6506026132202
03366,03,140.6532253830452,39.16502410837609,140.89719627808597,39.604087134613735
03381,03,140.89068922173033,39.129841693739365,141.14264527905652,39.25914813487867
03402,03,141.00646344982852,38.94968846814845,141.19210708237608,39.02860750483262
03441,03,141.37335616065843,39.095467278592196,141.72826247703188,39.266711197663824
03461,03,141.70218155583427,39.34384622492348,141.96772416323972,39.52934074807723
03482,03,141.74810477331687,39.39926822484887,142.06127036273722,39.56351708124845
03483,03,141.3948470041861,39.67654408104465,141.9812526980537,40.04810789216566
03484,03,141.77089099942032,39.856980639844835,141.962080725845,39.98935832422745
03485,03,141.79398416323875,39.96159561324714,141.94847980459951,40.05559373915992
03501,03,141.35032583696795,40.22083489221666,141.61222005221384,40.377375054115646
03503,03,141.73365092065364,40.01273591932738,141.85492740607515,40.13628377477653
03506,03,141.3736409993328,40.103100026944844,141.50708416270413,40.280590171099675
03507,03,141.57066481223148,40.213935892427685,141.7954186376602,40.45025560371329
03524,03,141.15785747064592,40.031168972570185,141.40184041480347,40.25146889207588
04101,04,140.56323719833824,38.23634619781893,140.89967741857822,38.454691973256104
04102,04,140.88278180313785,38.22971501343727,141.04435083002693,38.340802386920814
04103,04,140.87998888477944,38.17421546766985,140.9953191634488,38.26140110767517
04104,04,140.46949817070424,38.174397027301154,140.93456372243804,38.37759655933394
04105,04,140.68776713414616,38.28731461287924,140.9324001694324,38.43389077483954
04202,04,141.16118080375122,38.24704233313736,141.5894053571717,38.632423748157635
04203,04,140.99389833983673,38.30277669368962,141.13232929975754,38.352955846635155
04205,04,141.3988244232088,38.73963125208081,141.67497355388662,39.00271866713297
04206,04,140.46747905331586,37.89985077539313,140.70597907917136,38.09697830620405
04207,04,140.784157302018,38.109756134638076,140.96317150476136,38.219203278708505
04208,04,140.68645988321725,37.912233865300834,140.85668238738242,38.07714869395721
04209,04,140.9564456676336,38.27642125173952,141.0451144227926,38.31422972092503
04211,04,140.77742717332558,38.04698647664475,140.94142992215336,38.148058107695704
04212,04,141.0585282490796,38.547267865419826,141.41562422757625,38.82327489242249
04213,04,140.70738830062976,38.627434613416824,141.1662255507688,38.96458799963665
04214,04,141.09406566839607,38.316829586316544,141.25882442330862,38.472380747573595
04215,04,140.53878182871858,38.44137483757885,141.16184472105726,38.923817359683596
04216,04,140.8586438654222,38.33222836025078,140.93929153038005,38.4323714682688
04301,04,140.44262771669594,38.0342069457941,140.70609374812818,38.14992727932065
04302,04,140.2750014401645,37.94678222462011,140.53319994811932,38.12985477457835
04321,04,140.67724600509928,38.022490972980165,140.75363444937057,38.07665274842577
04322,04,140.63657031107118,38.05848791888252,140.79659775608172,38.180419838305056
04323,04,140.7430500521184,38.03869846766031,140.83485199672248,38.138261531844364
04324,04,140.44591172514617,38.133760532023075,140.7497003893617,38.267528586275375
04341,04,140.61862272356007,37.773548170611775,140.86156233543363,37.96729450503756
04361,04,140.82312500631417,37.98902702697586,140.92274609565595,38.09573799990892
04362,04,140.84296839167814,37.89090005419433,140.93108673206723,38.00100310800718
04401,04,141.01719083029275,38.35057435102567,141.12725128411967,38.449676197898384
04404,04,141.03219658880175,38.276814494693326,141.0899589880171,38.3272756849251
04406,04,140.9338222826724,38.308449252031494,141.05943015577725,38.37464999989777
04421,04,140.62584616097172,38.346885332891986,140.98325508375524,38.49692894611411
04422,04,140.94756858562187,38.36293413500249,141.06151805421496,38.505902332926496
04424,04,140.786328948922,38.44339417080448,140.96116291843407,38.51335963993557
04444,04,140.6196790528462,38.44727864039709,140.89061333333882,38.572851666571296
04445,04,140.53764002606658,38.4551983329369,140.90698131023942,38.70810472095627
04501,04,141.06575260739714,38.510543838327635,141.23105352759842,38.6036252789836
04505,04,140.99482193278618,38.43824761333684,141.17730197070955,38.59288567583343
04581,04,141.39985739260476,38.38469002672355,141.6063417766519,38.49260750493255
04606,04,141.367729143985,38.5931033333523,141.5665574843406,38.753480441069655
05201,05,140.01513155567693,39.44887827870974,140.51561352834187,39.86502780229142
05202,05,139.9725779773919,40.04750080212051,140.2994025545844,40.37424713469767
05203,05,140.26190316529903,39.092460108447426,140.78866238656008,39.409005108199324
05204,05,140.33268036340826,40.04838005399648,140.74419810595805,40.48705661277262
05206,05,139.69402824860492,39.85684508143555,139.97632844440238,40.07303170335058
05207,05,140.3291024771977,38.87301335957903,140.7556254467571,39.21839535995804
05209,05,140.69712389115477,39.95933297293851,140.9954322828737,40.43085010814616
05210,05,139.9801152269364,39.013589225062844,140.35593241225115,39.598296441327875
05211,05,139.9536782749326,39.80448758613335,140.19904286643532,39.92780989161338
05212,05,140.2273144228226,39.36513622465719,140.74135936444327,39.723726414142845
05213,05,140.24293199731403,39.79564786465738,140.73258041465454,40.35489141390781
05214,05,139.8695898568866,39.105515640334715,140.06594555084666,39.31309144971078
05215,05,140.46404488956023,39.550984468258775,140.87963202299966,39.99980535992961
05303,05,140.67540211431628,40.28235589191104,140.92677418877793,40.51106374769398
05327,05,140.23434919595877,39.796478000059835,140.40078581061687,40.09137597282307
05346,05,140.1002458366762,40.24030246798469,140.3564337743993,40.446583467653056
05348,05,139.94537425441854,39.974567892194614,140.24502033731892,40.157267360200706
05349,05,139.93630977977273,40.24722474762416,140.16395938981418,40.46885653160382
05361,05,140.0160019708145,39.82737786469687,140.30643267193045,40.01291338704334
05363,05,140.04412277564575,39.933137747908916,140.1210354221472,39.98682566697113
05366,05,140.0160019708145,39.85437591901359,140.216921946291,39.933412197614985
05368,05,139.92243975439135,39.919848946272,140.07130405963483,40.09417694640911
05434,05,140.48443710778645,39.351353613378706,140.69815442338813,39.49813946756257
05463,05,140.22079713398068,39.082260108417415,140.46019822296978,39.26364597268366
05464,05,140.61956819701481,38.95707705436274,140.8102335278552,39.2092748377637
06201,06,140.17949141359804,38.143604864573035,140.53066094704525,38.35198774803632
06202,06,139.9349383918934,37.73391791867715,140.2988018290414,37.987671054375824
06203,06,139.5429570043624,38.316774251930326,140.03009338500192,38.8266162245593
06204,06,139.5401932564139,38.77409674786679,140.15080297018108,39.20715189184648
06205,06,140.19291427987025,38.697266026905766,140.49432238736847,38.90275205376446
06206,06,140.1509466152943,38.34209838733085,140.32199160792652,38.53530844073214
06207,06,140.1836307258775,38.05337361290208,140.44591172514617,38.22429983836702
06208,06,140.20806688687753,38.455411865265546,140.46392430576225,38.579012973170336
06209,06,139.87729019488677,38.04147427911488,140.10992907906393,38.24642297274215
06210,06,140.30689389104043,38.31030958601872,140.51493680918657,38.40508091934913
06211,06,140.32704330670344,38.349667170703526,140.58615185482438,38.487289837955814
06212,06,140.31273763893103,38.4365288380356,140.62003963691984,38.72136510761379
06213,06,140.06979600538148,38.01943644093916,140.23806016924163,38.22329766715376
06301,06,140.1531735021556,38.22147102716633,140.28834461661097,38.329012693980815
06302,06,140.2041349159938,38.30623991903718,140.31218152965403,38.35955669418627
06321,06,140.25440586274055,38.37533435969311,140.34708953325548,38.47357369377113
06322,06,139.87481472102274,38.262880387220264,140.20515153031909,38.546809721091904
06323,06,139.91637483802856,38.179683279160145,140.19907202335537,38.362098612660986
06324,06,139.94507822278194,38.268770837804084,140.2700381060739,38.40761877468685
06341,06,140.246345421804,38.54419813483622,140.4037310246672,38.65021925221686
06361,06,140.2812935540544,38.84313922479555,140.49229369579757,38.964878414107716
06362,06,140.38937992224578,38.633818135298895,140.64646236074952,38.900718612873845
06363,06,140.23334722439506,38.56849589197202,140.45972055795755,38.751798278967556
06364,06,140.1102478077903,38.833290838101846,140.45369267207934,39.06149413464675
06365,06,140.03519680918555,38.493646891890705,140.26529961058873,38.72539986471213
06366,06,140.08783725008925,38.76520502669081,140.3135983656722,38.87437825165517
06367,06,140.02867247685356,38.61407891930685,140.21576778155804,38.82086835968721
06381,06,140.11061250266505,37.89613964023238,140.28954452715834,38.08250119797208
06382,06,139.92181228301058,37.87482622485055,140.13593739259682,38.0663917752604
06401,06,139.62498992204746,37.830796639653386,139.9229548383953,38.27580569367797
06402,06,139.97754914367817,38.12878425219168,140.17350491631896,38.26899505407863
06403,06,139.73179066081047,37.80323713498598,140.03600131031237,38.10723566679275
06426,06,139.8097070559361,38.746498774698864,139.8888209469293,38.8407913872129
06428,06,139.84863941597644,38.527567802312376,140.1170913355968,38.88463489188689
06461,06,139.84023121889584,38.975977864786785,140.0671449164049,39.133498640250195
07201,07,140.22928036329836,37.62472280241559,140.56991391719373,37.97664441370887
07202,07,139.83922411220317,37.322997504931095,140.11335535666456,37.58313153199475
07203,07,140.03599936417947,37.266022721171794,140.5644098306493,37.62597605355222
07204,07,140.56594538257355,36.8564425319974,141.0049991179152,37.31954019802191
07205,07,140.0992903888406,37.00006861277643,140.4127505323114,37.2616360539609
07207,07,140.10627046700859,37.22398191923037,140.53493961107438,37.37225577458452
07208,07,139.66848466873262,37.57897822536495,140.0006601950122,37.855928305746886
07209,07,140.67816910522026,37.72123608118039,141.0121979381845,37.843859054052245
07210,07,140.28068194581533,37.49851399962154,140.68625572002566,37.65123325241285
07211,07,140.50497291806585,37.27476910830785,140.8619878595523,37.538076666605036
07212,07,140.81039066100038,37.50755938705623,141.03420975357744,37.7469450805512
07213,07,140.48597383872186,37.689236054300636,140.73666060999938,37.91516336010113
07214,07,140.31510089539017,37.46731008139528,140.51766483786218,37.55431286494695
07301,07,140.45879655042063,37.82677950477051,140.56498871615645,37.90152719802194
07303,07,140.48730070026727,37.85621494576333,140.59840924828836,37.922790891686475
07308,07,140.53965189401993,37.54730917058191,140.72625683528486,37.714168748089435
07322,07,140.27778099909403,37.50670899982066,140.41828238722258,37.620715170668745
07342,07,140.30990717297777,37.216119359720835,140.396514617256,37.28050489168754
07344,07,139.94790014337707,37.19650505416507,140.31730345019423,37.34210080221044
07362,07,139.70550481199768,37.14612677513071,140.01247542240299,37.361562332735616
07364,07,139.23057732798145,36.91079550510864,139.45993133586262,37.20295427871713
07367,07,139.16475691330106,37.114883891978195,139.57425399522583,37.469968026803144
07368,07,139.3744689749634,36.9679334141959,139.86628938994352,37.31200586497886
07402,07,139.90985844401212,37.602504694236416,140.1724634762087,37.77904933256082
07405,07,139.54614452724832,37.505496279329975,139.7450607781326,37.812241414409925
07407,07,139.92754572005913,37.533814306385295,140.07182702979378,37.615010865359295
07408,07,140.01435871608203,37.448703774659634,140.2847044226711,37.75617313468257
07421,07,139.71781403429043,37.514101359590256,139.8725562778501,37.63756464009623
07422,07,139.85928328089892,37.542737467860036,139.90676608288857,37.59313427922376
07423,07,139.59449243837548,37.34761322457081,139.76996635466367,37.575595305878835
07444,07,139.58633791216505,37.36700963968332,139.71483364505684,37.502085747959086
07445,07,139.36418702960793,37.333236612879546,139.61575769056515,37.51786755934057
07446,07,139.51629124504507,37.206524838150926,139.7463653571757,37.392987081288936
07447,07,139.7140200257038,37.28139625203556,139.92613722435362,37.53210227869738
07461,07,139.9591116342947,37.09229691876794,140.2107455508667,37.24654633294705
07464,07,140.2349189749309,37.12059008136731,140.34007374840496,37.192399107632866
07465,07,140.33656686097208,37.11729022506398,140.4042516727767,37.17935910793665
07466,07,140.27943669324895,37.1441658016106,140.40926508381676,37.2375425049828
07481,07,140.2402132172664,36.93015480160295,140.46127836630376,37.08702463967552
07482,07,140.28357389122232,36.7916023064015,140.52848282682123,36.94067219756403
07483,07,140.28963369583857,36.84184694617977,140.59329325607905,37.01696766722421
07484,07,140.43428819724272,36.93736955875829,140.58611302209852,37.08551608090255
07501,07,140.36771705639717,37.076628865330065,140.5391782228968,37.20331400034098
07502,07,140.38852661491148,37.17970072081181,140.51932847033277,37.256759170799285
07503,07,140.49620199742446,37.15596505434394,140.6139594680552,37.27329655928895
07504,07,140.3729965894213,37.02276872070007,140.46770092056124,37.120897612634906
07505,07,140.4934855511175,36.99251044140391,140.664327859943,37.16819477476923
07521,07,140.42351949382976,37.36996638663959,140.564412697688,37.51134883787876
07522,07,140.5382815556494,37.20369197280644,140.69385916956526,37.366981802068665
07541,07,140.8671228661276,37.18364323444786,141.02237664136908,37.24874897318671
07542,07,140.8670963550129,37.23910917075182,141.02812107712623,37.33767727898339
07543,07,140.9007969126476,37.3035157747334,141.03722792512883,37.38369164005729
07544,07,140.69898472066848,37.25148953211635,140.91686588835023,37.4045968648536
07545,07,140.85372783387265,37.373108811222835,141.03586466891954,37.43369055897227
07546,07,140.89332680918506,37.41657150517102,141.03796905282968,37.47727746818077
07547,07,140.6836975876737,37.419499945965924,141.04166369622283,37.61480866718642
07548,07,140.68191197116073,37.46179310756605,140.8522637483735,37.54375230602426
07561,07,140.8505388334006,37.83604355876338,140.9591690791898,37.90422494562489
07564,07,140.6448956680008,37.5933796133786,140.84296085625874,37.76143869404069
08201,08,140.32174063592174,36.30072289164832,140.58681425407474,36.464396306044875
08202,08,140.51672910496438,36.480177909682936,140.71640557705587,36.7145672792567
08203,08,140.12460447521653,36.01475930569757,140.28432053176732,36.175383693702656
08204,08,139.68786411183942,36.126103801649265,139.8659617507344,36.23970283771598
08205,08,140.11033627769723,36.12525666726157,140.34581194556506,36.32209022498404
08207,08,139.81594297029199,36.200875360209864,139.90840544715388,36.32316389229993
08208,08,140.08751603114013,35.87235391879847,140.2610303894411,36.00780972084209
08210,08,139.9054749424148,36.13237017064705,140.03787374827505,36.24418497335802
08211,08,139.8937318550412,35.96837530617563,140.02926058400897,36.147210747977795
08212,08,140.41457775595882,36.49022594587086,140.601575888017,36.86335897323818
08214,08,140.5362406359967,36.69272384662838,140.73314926102978,36.87491105360243
08215,08,140.56527024622505,36.74865581971045,140.80574411220118,36.945284278946474
08216,08,140.16234836588455,36.26558219835994,140.36943352763535,36.448644333269556
08217,08,139.99520294426065,35.87085589198597,140.15424503178292,35.95420627869697
08219,08,140.11472749727636,35.932027972712945,140.27293224402797,36.02806322493802
08220,08,139.9958101692041,35.94733819759989,140.1716340341835,36.23670591894319
08221,08,140.48200282736877,36.33630788330231,140.62731566758418,36.46318283821756
08222,08,140.55385727569285,35.92793083773813,140.71304778192973,36.082151864816865
08223,08,140.48528374844636,35.90316580186044,140.62390114142477,36.012086865016954
08224,08,139.93165522700735,35.90956658622912,140.02243180328526,35.97820363978633
08225,08,140.22042033692924,36.49066427903341,140.45979121859,36.72450425186992
08226,08,140.38685247656076,36.39907377493495,140.56629044075146,36.515779946187706
08227,08,139.88827214014736,36.19837719824926,140.0674400783971,36.378485053942256
08228,08,139.8201703109113,35.97033058608787,139.9591758368955,36.15509364025945
08229,08,140.2484667192639,35.8814823334431,140.5112446434257,36.02329572092094
08230,08,140.17599919590634,36.03748186519607,140.40470367113767,36.20970986471866
08231,08,140.0347188330079,36.22566622461676,140.19114577205994,36.414920531757275
08232,08,140.59886128442088,35.7391355319794,140.85197438431055,35.94064250484786
08233,08,140.36184888471848,35.96996217071779,140.56766817064977,36.16631627917309
08234,08,140.4146209728798,36.061699107827735,140.6112557066857,36.2782331711241
08235,08,139.97141344977103,35.931401720812914,140.11437333256345,36.04550969401731
08236,08,140.27192885873,36.13014853222916,140.4498445782649,36.280850027406984
08302,08,140.3424618936017,36.21986405418289,140.53289795127955,36.34559699960204
08309,08,140.5224073928871,36.25578464044895,140.59498823621834,36.336681171199245
08310,08,140.201346719076,36.42652338694489,140.41445335903552,36.54971683756219
08341,08,140.5394251884219,36.40508533272208,140.63637018223835,36.49584246835542
08364,08,140.24838518762647,36.6795786397426,140.4698420489716,36.93524502733629
08442,08,140.26857267159176,35.975104639867425,140.40950041481244,36.05113769364982
08443,08,140.15861355427228,35.96868417113774,140.28781185463356,36.05546033272833
08447,08,140.1986890794376,35.8541101080952,140.37896147868946,35.91598425177199
08521,08,139.85061328127813,36.12106766743909,139.94411992229675,36.23461527937184
08542,08,139.71013391664712,36.08042774844199,139.78677566756323,36.13594469429239
08546,08,139.75906094710524,36.05717935983978,139.853438222696,36.15472758560975
08564,08,140.1256729183707,35.84270869385131,140.2173956416957,35.88843722519795
09201,09,139.74306717271202,36.46501510796105,140.01062341074203,36.730079694222695
09202,09,139.36102522733256,36.27059899984414,139.5485281974186,36.44570977528605
09203,09,139.56384858644333,36.199681333027286,139.81243044141195,36.496774505039525
09204,09,139.40650403403413,36.266960693581325,139.6462902199179,36.57816344069039
09205,09,139.4640811666127,36.46118030612638,139.83180189404231,36.71503419826979
09206,09,139.32656605737782,36.601133107806845,139.85278442276308,37.09189427879812
09208,09,139.68757756175523,36.223314639559135,139.91468338503034,36.3887566939664
09209,09,139.90740771679282,36.33498436004032,140.07226277560676,36.5098314137889
09210,09,139.92168518812116,36.76802017129404,140.26703797672144,36.94834969368361
09211,09,139.78650780808903,36.72663489238653,139.99296364495638,36.92753313484644
09213,09,139.73298111498661,36.836905441333215,140.14115350183283,37.15494074811721
09214,09,139.90688005217282,36.64006977470052,140.0843481971118,36.802405134589435
09215,09,140.02976306131643,36.58779489202084,140.24271496842118,36.74526091855671
09216,09,139.79718808026587,36.35038105384274,139.92476749662285,36.48735291860248
09301,09,139.85729600490686,36.39463150533987,139.9630497799236,36.49083872143001
09342,09,140.06298525336695,36.3970082516297,140.160277977247,36.525100667362096
09343,09,140.12843163371315,36.39733325222795,140.2601756935536,36.62500805407859
09344,09,140.046417367068,36.487824747913976,140.15581163370007,36.62634219833393
09345,09,139.99338422819972,36.4884992790187,140.08901744479942,36.615240892353484
09361,09,139.756787249632,36.39704358599289,139.84789046687172,36.51113933291407
09364,09,139.68435944213468,36.20158072097365,139.7881384444338,36.26296899961983
09384,09,139.72648038895898,36.71916933319835,139.9385825554408,36.9073780543539
09386,09,139.95537102475316,36.57736294604331,140.08523775611775,36.67776641408892
09407,09,139.9310514140917,36.915014505415286,140.2530898308312,37.14874850483977
09411,09,140.045279468373,36.67310427913935,140.29216238708466,36.842841802307476
10201,10,139.0024316078326,36.316237838205836,139.229947664953,36.562327505410224
10202,10,138.6425106357574,36.19891164016025,139.12966389127575,36.4829947751889
10203,10,139.18868418932402,36.35907238718107,139.4511006363855,36.595146802083434
10204,10,139.13617852082223,36.24262197322565,139.28167525261097,36.40782194632595
10205,10,139.25576230858383,36.23661402711582,139.4436492999754,36.37869105444878
10206,10,138.98528063619256,36.558296946347184,139.37198863756578,36.79678744118763
10207,10,139.45945011672973,36.2102136127682,139.62561805442988,36.28470333279273
10208,10,138.8774451096043,36.44833891900606,139.1693439953293,36.591975838414385
10209,10,138.81005435812233,36.115571413989755,139.11119513584697,36.29117589205396
10210,10,138.74001466884204,36.178440081045096,138.94985905315298,36.30805836030527
10211,10,138.64789214021027,36.2763450543809,138.95381219227897,36.41591530604671
10212,10,139.23180099861736,36.36868472072342,139.48318447468398,36.63350083779358
10344,10,138.90023894936814,36.412130305969015,139.00245167260675,36.47172838695565
10345,10,138.9291095585595,36.41718419819233,139.04121655010385,36.47433530572994
10366,10,138.6304654993835,35.9853330000181,138.82911167306543,36.13266369407438
10367,10,138.7635695329078,36.04131250496829,138.9632915052989,36.16040702736257
10382,10,138.60033552456503,36.13630563989352,138.84174038940762,36.30304377475056
10383,10,138.57727486404394,36.11655261301286,138.7729745268531,36.21452372069331
10384,10,138.82585333306508,36.15797397272081,138.96304267188202,36.26795391923815
10421,10,138.51416894863826,36.55886808059762,138.92069749709196,36.76416883812152
10424,10,138.56249561598008,36.41143927859997,138.7222457721249,36.58249635991922
10425,10,138.39713202292467,36.40093350457772,138.59656822314514,36.65126030601846
10426,10,138.52511316464097,36.56751217075026,138.63041919598925,36.65603674839741
10428,10,138.88803082975915,36.58078502740727,138.99524194625894,36.662305837844315
10429,10,138.63968516194086,36.451708694001184,138.95227308713345,36.59857946756853
10443,10,139.1391003893716,36.709632333165814,139.4066995592375,36.9645219187517
10444,10,139.07656405958392,36.66349522542447,139.19691213978365,36.805250171358466
10448,10,139.0425243577131,36.56957361293206,139.16290744492278,36.65898408125054
10449,10,138.78941953338494,36.64473138714396,139.1981107256297,37.05862633283914
10464,10,139.08765671858282,36.273721721180664,139.17174481197367,36.33434338713778
10521,10,139.5742222833319,36.18657174828775,139.66957136182907,36.27438846775374
10522,10,139.47900152999682,36.191220360131695,139.59151557718235,36.22149727877655
10523,10,139.4093444491872,36.18945750456038,139.49346844441334,36.24543880185939
10524,10,139.38244252879986,36.21795802744117,139.43698136210037,36.27645127870369
10525,10,139.4266198573207,36.21925274811599,139.50012413711943,36.28919286535864
11101,11,139.54061450065888,35.87145997289957,139.60367747073883,35.94569505438341
11102,11,139.58831700432643,35.914530585818056,139.64243605657896,35.96602422473836
11103,11,139.5954524772502,35.88755058629067,139.6495903109443,35.925716107912194
11104,11,139.6257003891618,35.89255630632863,139.7008710245783,35.965143721006086
11105,11,139.6042746169802,35.85434861279839,139.64404005230676,35.90160894589633
11106,11,139.5688799740318,35.83180922541561,139.6376574450352,35.88860835988805
11107,11,139.63304861200402,35.84642774844201,139.668695888005,35.90168299967087
11108,11,139.61656852112048,35.82901119800857,139.69805719788155,35.86677858616298
11109,11,139.66071839244,35.857200945767204,139.74450664106882,35.91845722462136
11110,11,139.6535358633896,35.88029280197139,139.75482236136304,36.0026915046094
11201,11,139.37948185540347,35.83758399980189,139.5580368346324,35.961473747815376
11202,11,139.2896112192825,36.06964335995326,139.4466198830014,36.25437358617222
11203,11,139.6752292998924,35.78022069363027,139.78828724985692,35.885936694423094
11206,11,139.41972535683988,36.09012189241156,139.5355396632251,36.19831469356842
11207,11,138.7114468613837,35.83984525155728,139.1762007260828,36.125904802364914
11208,11,139.3790256680004,35.76335413528528,139.54554136184458,35.84360122511663
11209,11,139.10028192037453,35.818765999851166,139.3747152534064,35.96973466742111
11210,11,139.52442522714273,36.071104667446605,139.70303089486004,36.21490136040961
11211,11,139.05684372216024,36.11891066689395,139.24760481191277,36.27475283797327
11212,11,139.33017771672837,35.98160544143815,139.45708124490375,36.10488005407143
11214,11,139.7078573017733,35.93552202682025,139.8333314142136,36.0431677748731
11215,11,139.3608888073727,35.81782846830936,139.47830883258678,35.900910586354655
11216,11,139.4880374709527,36.13705564030573,139.6125218551996,36.21034205394278
11217,11,139.43036411181447,36.03098366716267,139.57035736679927,36.12467527894114
11218,11,139.18074544734475,36.10447400027505,139.33645050598625,36.25042058644107
11219,11,139.53448408577208,35.930711467760204,139.64983358025574,36.00983602741093
11221,11,139.76360577178912,35.80519841377594,139.84085791236294,35.87148963973527
11222,11,139.7451226721738,35.85588941406536,139.84017221797365,35.95856989178725
11223,11,139.6632894417545,35.81373733271192,139.70984875511613,35.83567702697337
11224,11,139.61870338485346,35.797869252064515,139.69951839206033,35.83525283834797
11225,11,139.3150248642063,35.77427080235583,139.4194633591469,35.86196119765134
11227,11,139.5727785863628,35.77836600019094,139.62337053172485,35.83476338682101
11228,11,139.5552867833585,35.81839174788104,139.60739922239634,35.860501946008185
11229,11,139.59693849541543,35.76664797332546,139.64630169886448,35.81259119802553
11230,11,139.51637491616964,35.7533841080903,139.59414352840133,35.82562591870135
11231,11,139.50615075225562,35.96071417142201,139.5960704149179,36.04051880200126
11232,11,139.55757766507736,36.0288946670554,139.72706050563795,36.1451010805506
11233,11,139.49429644572456,35.99586955873332,139.56430814540477,36.05659513505759
11234,11,139.81161377425644,35.7910539189034,139.86929769143546,35.858085224853426
11235,11,139.51165236116776,35.828243134713034,139.58513900076446,35.888318558754634
11237,11,139.83978099939384,35.78116610772986,139.90033869027855,35.86806072082578
11238,11,139.58819097333492,35.96222261328313,139.6956014137744,36.03678691858158
11239,11,139.32396066115575,35.91969086514149,139.46769830103597,35.99800255907098
11240,11,139.69118444930302,36.037901720887874,139.7895116075748,36.10913666672394
11241,11,139.35239627816588,35.914233054112344,139.42882066114475,35.958724612950675
11242,11,139.2754464977578,35.86821153173696,139.40155097289926,35.92818805373588
11243,11,139.82861678313816,35.85943046764214,139.89920927398896,35.939607892390484
11245,11,139.4740081063892,35.84203369419981,139.55107700380086,35.892251332733
11246,11,139.60424194640893,35.995305414013785,139.71377406022486,36.04954610766691
11301,11,139.59080836561373,35.96969786536437,139.6455687549942,36.0272363603699
11324,11,139.47789885864563,35.81430930602983,139.5553120228318,35.85160338728667
11326,11,139.26135031086835,35.9005587212082,139.3611566668469,35.96883800017372
11327,11,139.21292700417803,35.922103134652104,139.32137299596718,35.99339219809161
11341,11,139.32091260693142,36.0365937208237,139.38715005163374,36.10375317117206
11342,11,139.28817374832,36.006614359964885,139.34587949384377,36.1103506669499
11343,11,139.18574277580865,36.006087386923525,139.30804583734573,36.09895261257316
11346,11,139.42154255484525,35.94797280240306,139.54533486401294,36.019756251949616
11347,11,139.416188003074,36.01188550501223,139.50501588787313,36.08361108138644
11348,11,139.28772855962552,35.962294441235656,139.37936236068458,36.0100354682624
11349,11,139.1693181712967,35.95644417056218,139.31660147917512,36.03801769386166
11361,11,139.086810363008,35.92722469366487,139.17861477265376,36.008906197663066
11362,11,139.00435542226512,36.02689119787067,139.1593900776901,36.12619677536105
11363,11,139.0825487807018,36.083734080763406,139.16061985742067,36.148348865208106
11365,11,138.82839472093974,35.96661266734088,139.05199000013852,36.09374902729593
11369,11,139.15151269825265,35.99773041432735,139.23898902702217,36.092586945831044
11381,11,139.13666152960604,36.13201610755749,139.20831208813252,36.21119225232076
11383,11,138.97649289193362,36.09472466671019,139.13594369614486,36.23824783806742
11385,11,139.09587916968815,36.21820946799272,139.1716805059508,36.28339755855063
11408,11,139.13717549934995,36.06869450504752,139.28817566837256,36.176668359957034
11442,11,139.68371333320397,35.99783763959556,139.75213814495964,36.057620053722644
11464,11,139.69719286575832,35.99959930626312,139.80694910501734,36.0623567208861
11465,11,139.8024341630064,35.90613680217183,139.84929102516082,35.96896702680698
12101,12,140.08159081726262,35.542526332624334,140.17543756209398,35.62843350540214
12102,12,140.03494766460324,35.64135269377198,140.15308555115746,35.71413808070804
12103,12,140.0738023088296,35.62010783820631,140.15665177675828,35.67921291894123
12104,12,140.12391897508087,35.55895246778232,140.28872841758255,35.65669555865327
12105,12,140.14236442278002,35.49360280232764,140.30087391739755,35.58641353175926
12106,12,140.01965190710996,35.59679686488357,140.10501924833977,35.6696326129549
12202,12,140.69026949414206,35.69471013536463,140.87101304821374,35.81347261277102
12203,12,139.88562330667048,35.655460532277914,139.97594505801817,35.775602972599245
12204,12,139.93872802887563,35.66383583755402,140.0895574193396,35.79972869392424
12205,12,139.75344997433706,34.91066938728255,139.94117094728153,35.056402225282625
12206,12,139.87220387760703,35.31268655863795,140.12948105081,35.46538316200349
12207,12,139.87946152972597,35.746720558906816,140.00126844428348,35.849768720849966
12208,12,139.77621722384595,35.91294008082025,139.9518999222438,36.104099892196416
12210,12,140.24444880736678,35.379468720904924,140.3813599481033,35.50210930609978
12211,12,140.2492077822136,35.723269386672996,140.4724684704437,35.902367891864856
12212,12,140.12737710756767,35.625468505367394,140.29354924779977,35.76624564002441
12213,12,140.28708705592305,35.500118919352815,140.43577345008487,35.631514559349625
12215,12,140.56564124534736,35.67265851417926,140.76097013026742,35.80577199957827
12216,12,139.98649836570723,35.652477829088696,140.0850990266989,35.70844325155497
12217,12,139.91337204938077,35.78349202703561,140.11194386531736,35.93584694558024
12218,12,140.18791503225316,35.114466477446115,140.34677180277663,35.24449883785127
12219,12,140.01211844371142,35.2312051349092,140.25633955892363,35.55501133280694
12220,12,139.8747556679399,35.82751186538047,139.9575130866598,35.91973005399893
12221,12,140.0629244493041,35.692412197565034,140.1518817510422,35.784002027171994
12222,12,139.9886799483212,35.84079705444066,140.14646966334442,35.900612306412995
12223,12,139.93033939025088,35.05201885588565,140.21681036290806,35.19088913462605
12224,12,139.9684104407894,35.74177627875241,140.02820383923597,35.80392894606416
12225,12,139.83913221767784,35.15386422495419,140.1621647207255,35.37534142266867
12226,12,139.78588501857894,35.1392980811417,140.00089513570208,35.3589390628876
12227,12,139.87146061041904,35.616671990919826,139.93944575891487,35.672740865099
12228,12,140.1364992476423,35.62560102676616,140.2149305064379,35.70729919789983
12229,12,139.9384023870607,35.34360510758978,140.09277260717022,35.4792910452457
12230,12,140.2486869389512,35.57267461314302,140.354416835169,35.71605241358816
12231,12,140.08706155604614,35.739710613354305,140.265526135423,35.85108150530738
12232,12,140.0151857200451,35.765489532316224,140.11110527898563,35.83535227908459
12233,12,140.28808997357362,35.67611772135592,140.40524963696134,35.7776326669142
12234,12,139.81048568086965,34.900100900836094,140.03767656292325,35.128652027269425
12235,12,140.4863360568637,35.62790498192953,140.62498191968007,35.76100741376132
12236,12,140.42488525285228,35.75346546795714,140.6515126332016,35.95873541380848
12237,12,140.32078143971182,35.54721280232911,140.52562490276728,35.68613597289698
12238,12,140.25379566823563,35.19233882917382,140.41504163436412,35.345938531738
12239,12,140.27063099942131,35.47162268533884,140.43048178970298,35.56062544061177
12322,12,140.24939852122498,35.699776135160675,140.30586041532604,35.75746274760786
12329,12,140.16777946794832,35.80030553167512,140.28936316537795,35.874111505241956
12342,12,140.37549221799168,35.85279283781938,140.4404738646773,35.91175374823706
12347,12,140.40224671881117,35.69106683786447,140.5504648117019,35.80711794563683
12349,12,140.62279722361313,35.76506144063313,140.720702166372,35.855712504828375
12403,12,140.38339875524855,35.498138748004976,140.47009003882442,35.56997569372345
12409,12,140.36585664057168,35.674757801631415,140.45504939021737,35.774850532326354
12410,12,140.4165403887281,35.60212027942754,140.55944189382853,35.721604225354895
12421,12,140.3403001689178,35.32923669411832,140.39765117955847,35.3914253334126
12422,12,140.2511409468974,35.31338644073185,140.35097605689964,35.406925693865844
12423,12,140.31223603126796,35.38094294626012,140.3970327373711,35.43450464007725
12424,12,140.3400931126073,35.41876833259266,140.41592010382988,35.47696646772846
12426,12,140.170595422441,35.3909375051619,140.26081671861687,35.48674272070019
12427,12,140.1970897799696,35.31673091869709,140.3102087813104,35.42766283806969
12441,12,140.13935189357517,35.16555525237317,140.2862190006066,35.32715227875485
12443,12,140.3034566929722,35.17419005432771,140.3847769132242,35.22412969443002
12463,12,139.81338752331578,35.099657756800184,139.931586329046,35.16429555939271
13101,13,139.73001469492237,35.668588172706166,139.7825885599143,35.70535158560733
13102,13,139.7585510530888,35.64603880194932,139.79236605664835,35.69657130572136
13103,13,139.70856389101095,35.623138306188025,139.7823763423945,35.6828141713371
13104,13,139.67367613474596,35.6734330813718,139.74587044136797,35.729372721174286
13105,13,139.71761350166196,35.699639919346964,139.77123642042466,35.7358332250235
13106,13,139.7627887808777,35.69470377535913,139.8097186122244,35.73121822534097
13107,13,139.78891525273696,35.686775720922924,139.84215477342423,35.74342872095889
13108,13,139.77134968913697,35.58965563989602,139.84822678273997,35.70800763974097
13109,13,139.69539272429495,35.584929775389014,139.77344089528128,35.64184755921764
13110,13,139.66148296996323,35.60066658559464,139.71764099933284,35.66387958597426
13111,13,139.65297477276772,35.528198081076766,139.82602778155706,35.61309155872863
13112,13,139.58248863844005,35.59014636036642,139.68609367138595,35.68214066725818
13113,13,139.66175622626895,35.641661171126316,139.7235602201282,35.69199061337628
13114,13,139.6245454222336,35.676347919021396,139.6943311411694,35.73528361334826
13115,13,139.58509416326524,35.665843838422575,139.6675466668454,35.730285279442285
13116,13,139.67734430569533,35.712265774945706,139.7527604407419,35.745792667197975
13117,13,139.68946907883515,35.73220600020693,139.77112466886854,35.79890400031951
13118,13,139.74977861169373,35.724617667371604,139.8144970304138,35.7548551714292
13119,13,139.6247139174135,35.73615269389188,139.72270247733763,35.80084091877353
13120,13,139.56278583689698,35.711912252348725,139.68084060990645,35.77982569430054
13121,13,139.73589097309014,35.73863125243054,139.85880036294657,35.81768400031655
13122,13,139.81346710792093,35.7108531351642,139.89377805411414,35.797316667230575
13123,13,139.8336294423451,35.635702080686656,139.91873503229613,35.750765026884665
13201,13,139.16160367077293,35.597941360105835,139.42958308659036,35.719061946252
13202,13,139.35292571984633,35.68276066707131,139.4461219706526,35.74340610840534
13203,13,139.52521744532896,35.69396286529417,139.59547325608605,35.72172833269656
13204,13,139.52487513637857,35.66004066704329,139.59417863793396,35.706753613388685
13205,13,139.13716046718196,35.75454525156226,139.33036583691398,35.850868170829585
13206,13,139.42982778222654,35.6461948379216,139.5264573019631,35.699872892320286
13207,13,139.33132169933708,35.69128255914296,139.39844428017955,35.72629225178616
13208,13,139.517036031188,35.63259069440517,139.59233433166423,35.68736166700751
13209,13,139.26879949430145,35.50135361297902,139.5070133073184,35.6234061081056
13210,13,139.4844578076819,35.68421610828693,139.5341984952645,35.71906555882862
13211,13,139.42291277630375,35.70806925229431,139.52333136195296,35.74585833299585
13212,13,139.3574056422567,35.63932250482992,139.44201525340145,35.69163141425855
13213,13,139.44054827478328,35.73450613505025,139.50479041524568,35.78160186523405
13214,13,139.42826466877966,35.68844344081231,139.4914411665768,35.72287533343007
13215,13,139.4175683661873,35.67081846799806,139.45940518839893,35.70354286461168
13218,13,139.31386830098154,35.71261180169347,139.35987630384852,35.754845251907
13219,13,139.5619706356365,35.61843077526021,139.59354863765964,35.65074458639373
13220,13,139.3916845529999,35.73005866737378,139.45138099913402,35.76916108111914
13221,13,139.49677910517175,35.76110219780833,139.54719936365984,35.80730680236718
13222,13,139.48573330714657,35.73205583770692,139.5478375225838,35.773980467924446
13223,13,139.35466549881392,35.73302808128108,139.41441610931622,35.7741113597516
13224,13,139.39390114082516,35.605447386987464,139.47380697840947,35.65796102707992
13225,13,139.4641581971432,35.604312170970104,139.52538875538698,35.652654613319896
13227,13,139.29213263321458,35.74712417104382,139.34307914438716,35.781278837748346
13228,13,139.13609544684755,35.68782855904095,139.33123007820575,35.77883619813218
13229,13,139.51670610860026,35.711320000217995,139.56942372212723,35.76159522503974
13303,13,139.32058024628157,35.741240279215674,139.3814793000298,35.79640519804161
13305,13,139.1630441625582,35.73135638728763,139.28465411209777,35.789190413906624
13307,13,139.01229092128915,35.666021558848,139.17211216614373,35.77911302744445
13308,13,138.94286758776911,35.73866905363411,139.17843085589948,35.89842399956808
13361,13,139.34891481186924,34.67866880232356,139.45000408582007,34.79910469412653
13362,13,139.26739579827768,34.510945882846386,139.29284331976362,34.53201600013847
13363,13,139.19393072622222,34.31597791924577,139.29847277629779,34.47797249543447
13364,13,139.11935566773002,34.1847887752819,139.19265749664635,34.24378177530883
13381,13,139.47400736714644,34.045805135198975,139.56524500605235,34.12520253207134
13382,13,139.57672277633526,33.85184837830019,139.63194211403754,33.90106324307436
13401,13,139.6754025030233,33.045232440824634,139.8586545909368,33.15956744068501
13402,13,139.75449220495148,32.44351033293566,139.7807703106015,32.47357482901532
13421,13,140.86932325626344,24.224700559283576,153.98667512285886,27.72012527925841
14101,14,139.6354207519663,35.4498190989724,139.72532834033086,35.540649414239226
14102,14,139.56782260692796,35.46361146789508,139.669149559105,35.50626772087878
14103,14,139.6035483397842,35.44226510764878,139.6383878600119,35.472124559201234
14104,14,139.62174785977606,35.393159053647594,139.69519099916545,35.45667905379548
14105,14,139.57004844428047,35.408115585965675,139.6397858876088,35.4443262251753
14106,14,139.54501703011204,35.431023666609065,139.6079490274259,35.49799169356197
14107,14,139.58847097275736,35.35473650488598,139.645364034223,35.42763799969407
14108,14,139.58785852095411,35.31250174795747,139.65692741906537,35.39053922510533
14109,14,139.58285761318848,35.48939089227605,139.65825350179784,35.56265333268533
14110,14,139.48403866425315,35.357711505381815,139.5762499217966,35.44846458597203
14111,14,139.553051970772,35.36291835969473,139.60879114089857,35.42240550481034
14112,14,139.48727114065082,35.443282918971704,139.56886233472915,35.509066865243824
14113,14,139.47698678331358,35.49238308061484,139.5869739693734,35.5387608019696
14114,14,139.4649952789092,35.43500836024782,139.51155474695418,35.504047505188396
14115,14,139.51628518811117,35.3348943596871,139.5918862777297,35.384193359636015
14116,14,139.472775616102,35.38736697270781,139.5309108301709,35.44964763962702
14117,14,139.46829177714403,35.527451107782554,139.5678606095796,35.59250438726781
14118,14,139.54131866442503,35.51070141363948,139.61352060988838,35.57160830587878
14131,14,139.68777058414537,35.469796432059866,139.79609824943486,35.54512455855172
14132,14,139.65443730243976,35.526029946025346,139.70353355383065,35.56195025170291
14133,14,139.62677080362982,35.55255258633298,139.68462247674609,35.59815636012809
14134,14,139.58665603115105,35.56095250515415,139.64324391667355,35.618498837751304
14135,14,139.51458027226192,35.5967874139082,139.60070885902678,35.64264761319697
14136,14,139.52657036293203,35.56459000022852,139.6204115301682,35.607577441146134
14137,14,139.44928058393202,35.5671955052685,139.53109289162387,35.62472738665974
14151,14,139.06603822258603,35.47454922496695,139.36135975444927,35.67241208105287
14152,14,139.3227833325849,35.52690438742769,139.41819367110122,35.59905049488458
14153,14,139.35512408560828,35.49095658587788,139.45824985724528,35.56176580165061
14201,14,139.57799583683857,35.189934143645985,139.7469369779593,35.33037346776149
14203,14,139.2387403365974,35.312118874186865,139.37482089496848,35.40380680184262
14204,14,139.48867009095216,35.29940577535643,139.59316041472152,35.36754758575262
14205,14,139.3939826715632,35.29751783757831,139.5168336711372,35.42894155890599
14206,14,139.0589136962103,35.17800344060646,139.23831958518088,35.32992058626621
14207,14,139.36876666704825,35.31517969428762,139.44396569406172,35.3849222250808
14208,14,139.55125185538895,35.276038892081374,139.6237522435714,35.320414747742575
14210,14,139.60704693906519,35.12869725237647,139.68139311290201,35.20974638728609
14211,14,139.14139752317737,35.34665477519786,139.2918253051938,35.46123086531236
14212,14,139.22830099909197,35.39450046802233,139.37972916986553,35.527467026682075
14213,14,139.42923946822702,35.422747134772635,139.48066522721865,35.52046769402904
14214,14,139.2301139945654,35.36941486520402,139.35729289155393,35.447913027264576
14215,14,139.36923355368572,35.399912413627135,139.4364894940951,35.47730194632794
14216,14,139.3739676649759,35.46866225206145,139.43883542241701,35.51542491922481
14217,14,139.0046122443598,35.27182274802158,139.13710741887246,35.35220153187538
14218,14,139.40255131039487,35.40748717119618,139.45662280200088,35.46792446803994
14301,14,139.56738089501243,35.25337054101783,139.64185224368623,35.291702721403624
14321,14,139.36864027183128,35.35020805415854,139.40500700367045,35.40128463967454
14341,14,139.25085050564644,35.29728800863484,139.33406953288284,35.33420969412225
14342,14,139.2329299481588,35.286442918605985,139.26927477341223,35.32984994631812
14361,14,139.18608219164003,35.31125299972632,139.25119116703888,35.36127286475107
14362,14,139.1355941629405,35.313332531771096,139.19666572014705,35.35934699986433
14363,14,139.09938185458907,35.33672191878168,139.16267697836008,35.44607758561227
14364,14,138.9157679118598,35.32984572130317,139.16624147906123,35.5105780266548
14366,14,139.10659036325478,35.31767525181158,139.14306438421409,35.35220153187538
14382,14,138.97437413685714,35.17542644137734,139.1207917510386,35.289898026672745
14383,14,139.1030225809276,35.14032558625695,139.16181250324462,35.187097558705545
14384,14,139.02637328110222,35.14018527942727,139.1375537479073,35.20125530598773
14401,14,139.2455080542535,35.498246531752216,139.35450513620322,35.556512305798435
14402,14,139.16283391725165,35.44743058595293,139.2987295588223,35.54251930622115
15101,15,139.12758910495336,37.86185464017967,139.2664701431827,37.993035585923735
15102,15,139.06472280221578,37.88999994614079,139.1477359143811,37.96216855013864
15103,15,139.0007644104494,37.87307686540515,139.09886878057,37.94648826142429
15104,15,139.02058019472042,37.820855252268245,139.17831552504163,37.91384358611276
15105,15,139.05800488991395,37.72049186520758,139.19026466867967,37.84134997342272
15106,15,138.96692277616535,37.67896886502126,139.0714940596033,37.85466738699046
15107,15,138.85616128371646,37.803558558980455,139.0248260829576,37.90949917085021
15108,15,138.78482680901016,37.68188163962611,138.9948411930668,37.831536413874574
15202,15,138.6430355772303,37.17647753171286,139.1240668606972,37.71022825163266
15204,15,138.87239491629248,37.397678332689054,139.29837263319064,37.68219719824225
15205,15,138.4180978080676,37.1600475591477,138.72177233482557,37.52353789186037
15206,15,139.24165092135308,37.78809730644571,139.6818528022652,38.049467739444765
15208,15,138.72053447468647,37.2059286128154,138.91495855978985,37.384305802371046
15209,15,138.9893256158847,37.55312674820101,139.23446542184195,37.710612693820906
15210,15,138.5231688591557,36.86822241423317,138.87474542216364,37.237190747754994
15211,15,138.87135863829076,37.46089150483925,139.00073944167207,37.593294252427995
15212,15,139.4079784698307,38.07823097318101,139.89990466936513,38.55358319800632
15213,15,138.78725569439496,37.593670667267645,138.97430002642523,37.73202072057995
15216,15,137.6349847466489,36.76615513475184,138.11260416325172,37.14816605442002
15217,15,138.00346147926405,36.7999597205648,138.38227438365607,37.07076413535674
15218,15,139.09330438369057,37.50970333304258,139.34850944155767,37.777465532008875
15222,15,138.06776988267416,36.94088972108392,138.5688886895615,37.30658627873396
15223,15,139.1509119709109,37.734842505377514,139.37054572030888,37.89217705372823
15224,15,138.20376625191113,37.802389279341924,138.57266666683336,38.33643091915178
15225,15,138.83487425444343,36.94052722505154,139.26033016940198,37.41366886502624
15226,15,138.76461642021184,36.887252360108505,139.09785150524294,37.208619198217605
15227,15,139.313573112909,37.86130372089019,139.63197405975518,38.14976302264557
15307,15,139.22553647233053,37.94634210810199,139.3135451098192,38.03056851362618
15342,15,138.80481238708217,37.655983612653756,138.87207472077193,37.718408865377
15361,15,139.03047769069303,37.6711024411249,139.10792422782106,37.737022667062604
15385,15,139.25121961079662,37.447064279093354,139.7415053830672,37.85439383840509
15405,15,138.66021530469277,37.48743691867901,138.76414252875486,37.57807097309711
15461,15,138.66900260738464,36.73657627887235,138.93244258096047,36.96384917100261
15482,15,138.56588885878398,36.84531046830364,138.71606613464462,37.0654383061331
15504,15,138.5905894159689,37.398954108245675,138.7082589751717,37.457197802137046
15581,15,139.48992474682973,37.91839464040049,139.69389282689258,38.16972536043721
15586,15,139.21482975379024,38.436006586434985,139.26424060961665,38.49090869368143
16201,16,137.0282845009292,36.369773693601246,137.70546955897316,36.76556467586926
16202,16,136.83345810590708,36.65684972113786,137.1038985335906,36.82938509005004
16204,16,137.38226477280125,36.67294313501782,137.61116464283418,36.86098364877654
16205,16,136.8480148643946,36.76978727886001,137.05169844392822,36.96719930570356
16206,16,137.31568644637252,36.69913755875149,137.45148693877138,36.8003617301099
16207,16,137.40959396918652,36.62281922472761,137.7617405323998,36.9222107032615
16208,16,136.90607752295955,36.54098844136365,137.06534194627397,36.68635722480627
16209,16,136.7834645784277,36.5856264413074,136.9376605324078,36.743080360270596
16210,16,136.76835561641872,36.274364026878516,137.06427596636297,36.62674022478171
16211,16,137.01102907932875,36.64605313514426,137.180130219734,36.793910577411395
16321,16,137.29317988334515,36.68693958619309,137.3204316076327,36.713180135255186
16322,16,137.31546938960082,36.592006080816134,137.6273662262705,36.739642054237606
16323,16,137.2775276390895,36.51964763982687,137.75309719767768,36.70523250527606
16342,16,137.4261455121059,36.852386333262814,137.61079871588822,36.96106090123976
16343,16,137.52690247666817,36.75403041377274,137.76338674410317,36.97979794601855
17201,17,136.5570644225852,36.33822072060991,136.81711457797553,36.67416002656415
17202,17,136.77634014288344,36.95917344100167,137.05817072619823,37.200916279163096
17203,17,136.37233083020385,36.14627327938848,136.61222075198634,36.4433875863682
17204,17,136.69481461730095,37.190503747749915,137.17103263294985,37.85516613480945
17205,17,137.0859019456185,37.35475599998955,137.3604077694032,37.53332689182275
17206,17,136.2438602846246,36.13629308086115,136.49794224393963,36.38341381989204
17207,17,136.74949076538667,36.86478750493956,136.88566819692994,36.967471305656375
17209,17,136.6694185730089,36.68227194559398,136.8166188590733,36.79213941390299
17210,17,136.46510203623018,36.06722819822295,136.85172027177327,36.56774508976423
17211,17,136.426222905263,36.388580441234524,136.63194194556456,36.47179988305834
17212,17,136.58035408557282,36.495524198283306,136.63082919641045,36.554874694112016
17324,17,136.48072221785628,36.45819702737106,136.6012494681886,36.482006440944645
17361,17,136.68599024635296,36.62961038681004,136.84512116710835,36.78322497315418
17365,17,136.61824121935695,36.62557877464093,136.69297335883357,36.70102905424761
17384,17,136.66944291765674,36.939300720651886,136.86181566805885,37.22724544112435
17386,17,136.7242840598617,36.75567813543779,136.87339671918346,36.89119986498196
17407,17,136.82283399459334,36.91317494576731,136.98588211396861,37.028578279064504
17461,17,136.7884340863642,37.16893028800257,137.08328046682027,37.305212333182794
17463,17,136.9620742796045,37.247661747691666,137.26769527921397,37.40591017091782
18201,18,135.96437291817585,35.92039825207786,136.4671794422776,36.17289341429978
18202,18,135.96458635517638,35.526247278889,136.17748552513706,35.76541510802099
18204,18,135.5888529956694,35.384919504631625,135.8604247210243,35.57736044073192
18205,18,136.4159658882154,35.750331387283836,136.83236286565386,36.086290224714276
18206,18,136.38828705610297,36.006984027191265,136.65867583662077,36.15914074774747
18207,18,136.12456033728995,35.926321748250245,136.3364584952635,36.00138110785201
18208,18,136.16655724961754,36.17462310827,136.3324033586283,36.29529934209114
18209,18,136.01872808023688,35.80796150521945,136.33373697767956,35.948493080891126
18210,18,136.1000290010378,36.10225636024302,136.4403894676999,36.25761977543243
18322,18,136.26996992207444,36.033550198283194,136.43932888462052,36.13005741381875
18382,18,136.25591644578753,35.779931081354505,136.46052444924408,35.952609892132955
18404,18,136.01122968859943,35.658630864622864,136.357088690291,35.87894666705523
18423,18,135.95768958480664,35.872357775091416,136.15616824896574,36.028028558771155
18442,18,135.81464289225585,35.48668917056892,136.02967319106506,35.730111945909755
18481,18,135.4498620485948,35.44808219783533,135.6106608951843,35.55793633279569
18483,18,135.48608869034092,35.343686945896025,135.7919602203881,35.54545386510398
18501,18,135.79691910463316,35.39442280167111,135.95427846977577,35.64224963980922
19201,19,138.52355710817415,35.501983748151645,138.66094625206802,35.875867532261
19202,19,138.72759619960516,35.36279861316564,138.86622296981443,35.5326977750824
19204,19,138.79919749686712,35.450336945693664,139.02749605679776,35.60458491915887
19205,19,138.59320944236208,35.660668467575874,138.8136048635738,35.90963644106904
19206,19,138.76698875532702,35.56927969400283,139.06709092130916,35.74243972121633
19207,19,138.29689241225515,35.66253517056185,138.5206958107632,35.773945639879514
19208,19,138.18014552509612,35.56379746817879,138.51076795098038,35.75342017090435
19209,19,138.18517418863803,35.70973680221181,138.62159416314034,35.971380639904794
19210,19,138.46543377414957,35.62885744131802,138.56547389090747,35.80716938685788
19211,19,138.58489277558135,35.51620610812557,138.79325389095447,35.71153869375587
19212,19,138.96794552476638,35.54297389193175,139.13438172483689,35.738863225357704
19213,19,138.70010844374985,35.604966837849474,138.86989888482583,35.867390865296386
19214,19,138.49587469496134,35.54584863960321,138.58421863837964,35.62349689196816
19346,19,138.44549574593213,35.46828333260987,138.59641616127703,35.58366305420674
19364,19,138.2283245273552,35.304274864993204,138.4221672241382,35.650379837559626
19365,19,138.3356378338192,35.29555705381517,138.60241080371577,35.51897335983284
19366,19,138.36670442287095,35.168384441289106,138.53508620006824,35.38026194633193
19368,19,138.32219158157636,35.478330134927944,138.47903111519395,35.59503402729871
19384,19,138.50958577236565,35.60835277456107,138.55367863835863,35.65169019834417
19422,19,138.92386966315462,35.448806946183765,139.11392185510965,35.549793558925785
19423,19,138.802533191154,35.50141144118521,138.86607878061136,35.55090638722015
19424,19,138.80626708186048,35.436713080944116,138.90128980538043,35.48634530579142
19425,19,138.8026916732823,35.38170925228036,138.93739133614145,35.457955558702224
19429,19,138.63895494211704,35.357678332988826,138.75012997431907,35.49548777504094
19430,19,138.58184474743734,35.39317638718069,138.8102613101115,35.57221522505279
19442,19,138.85117808000462,35.7123085862724,139.01188147884739,35.78023522487587
19443,19,138.81723031133004,35.740895026784244,138.986425226743,35.85924777486508
20201,20,137.91010583711488,36.460701532250084,138.31823732819032,36.835733225408205
20202,20,137.55085752285652,36.010115918914664,138.13123808007356,36.37944119785317
20203,20,138.06907083025476,36.21733341410595,138.41397769091793,36.55466125171557
20204,20,137.99157433218988,36.00961069417838,138.10152758772813,36.16834425218565
20205,20,137.68947581066027,35.25335713482406,138.15313002573032,35.65568089225951
20206,20,138.0343615561411,35.946246333401746,138.20040294394084,36.124062721017935
20207,20,138.25726352818947,36.53735153174796,138.44158333260486,36.68817550469595
20208,20,138.36339652393065,36.27600886531707,138.50679021989288,36.41418458595007
20209,20,137.82409744474148,35.57095986500593,138.23670194603812,35.97485361300403
20210,20,137.80317871572538,35.66694325242935,138.0638762256075,35.781911386701324
20211,20,138.27422805418155,36.69490269440399,138.40641457777076,36.8399693056391
20212,20,137.58611518826547,36.33686525163023,137.96667347620019,36.664585053557516
20213,20,138.27490163380355,36.80354233271265,138.52070822320616,37.029686224939496
20214,20,138.1120351361128,35.91660117140708,138.37451880659785,36.1119971979125
20215,20,137.79535924813092,35.813123612864615,138.0434019973045,36.17178994614926
20217,20,138.28010905289068,36.10815664041678,138.63710496831982,36.31580750541224
20218,20,138.02962939008444,36.43683086495264,138.20176620015025,36.56008174807437
20219,20,138.29419238666947,36.28906019826968,138.45771530491754,36.43473530608969
20220,20,137.7010136961253,36.23735746787298,137.99150219217256,36.425351054108035
20303,20,138.3533801429794,36.01620364028594,138.58322102493048,36.128104919106875
20304,20,138.4832604666974,35.86980141440392,138.7392543316223,35.99502166711642
20305,20,138.35912083036226,35.89619035969753,138.55871555138174,36.053175802021826
20306,20,138.49108450104904,35.987215279261875,138.68869538328545,36.06010161329897
20307,20,138.5048035023799,36.02827880232502,138.64417111520493,36.09838866660385
20309,20,138.3194913878175,36.04674055922959,138.64754863785947,36.1791749458672
20321,20,138.5076792995602,36.27839994590096,138.6571634760138,36.42406317097874
20323,20,138.46029296964502,36.27974330640865,138.57980105067816,36.41393041415745
20324,20,138.23403883312585,36.08634664008554,138.34426099944574,36.3243642516091
20349,20,138.06354357987254,36.3123306670268,138.15421902738638,36.40717646781991
20350,20,138.119812969593,36.105190775234234,138.29928992209238,36.296804532003705
20361,20,138.06827383936638,36.05011577512312,138.174487613113,36.1664834676381
20362,20,138.16891277600394,35.78151710772852,138.3603464462317,35.96644144091994
20363,20,138.17736075189737,35.93138953230124,138.37046041531607,35.984634198009985
20382,20,137.82914588797257,35.90827017123161,138.04820727644483,36.063638333042775
20383,20,137.88691620032262,35.87825689244181,138.09062693938188,35.962424081206564
20384,20,137.80130341072402,35.63580925199557,137.97812121901927,35.716850026807435
20385,20,137.84721185504327,35.84996522541496,137.99375944194492,35.925525973245215
20386,20,137.89890224404348,35.597273748384964,138.0394021662771,35.685464531862806
20388,20,137.80464680860348,35.74761669375556,137.96394461655098,35.80781277533947
20402,20,137.80814258131522,35.54809619828109,138.01838403429588,35.652102837875816
20403,20,137.81077511008345,35.53004033329489,137.91770238705567,35.615555053622984
20404,20,137.67497910530165,35.22887433318408,137.8444455773017,35.3915825052286
20407,20,137.59301119331212,35.34050458601797,137.77055319057752,35.55418922475309
20409,20,137.57500958532432,35.264094306207426,137.68935500562918,35.40047427856524
20410,20,137.54611058363673,35.19846905430359,137.67119016889137,35.31834872081697
20411,20,137.72578730164287,35.34730283835546,137.81764224419442,35.42699191864227
20412,20,137.65874072610382,35.22729710757562,137.73475635462228,35.30664958600977
20413,20,137.7208922180016,35.20275158631682,137.900085421805,35.316414225136555
20414,20,137.80747642020083,35.311885919199995,137.92806847028385,35.42116805386274
20415,20,137.86209783374818,35.4270213057888,137.98767577201943,35.5304564406124
20416,20,137.87806977979665,35.48725938661158,138.01286403424797,35.57975233340363
20417,20,137.99108077795574,35.453340279330575,138.16462364476558,35.70353963964283
20422,20,137.53125719816137,35.705645612655076,137.80932486425127,35.8230608022144
20423,20,137.50942533081457,35.50917561306426,137.72956717288685,35.690614468083425
20425,20,137.696201192731,35.90357546823344,137.81527775566406,36.08654638670657
20429,20,137.32455175086284,35.70873305358771,137.62521683488922,35.90548891887869
20430,20,137.4858773276767,35.61295086519044,137.81679814501854,35.77951225178913
20432,20,137.4761690013985,35.789035838433335,137.8282946427837,36.02676919764053
20446,20,137.97712258124227,36.41990613486041,138.0870420879222,36.49489264038323
20448,20,137.90532644585892,36.38161717139553,137.97712258124227,36.489375612594586
20450,20,137.81081294366265,36.13422105365885,137.9010649157135,36.19037580230162
20451,20,137.754639169862,36.05447222511327,137.90038367116972,36.149076612795625
20452,20,137.96062158202062,36.36764838696365,138.1217613103364,36.475197721397876
20481,20,137.8692959399558,36.36399605397486,137.93704985656575,36.47573253203092
20482,20,137.7527553051134,36.379208838217494,137.87538158209452,36.45272322459732
20485,20,137.75006427994276,36.61420058628818,137.9415401166832,36.767692640003474
20486,20,137.76484647238692,36.73059780174731,138.03284936410705,36.91986972121083
20521,20,138.1286185213279,36.41521699956502,138.25050274970226,36.50098430618095
20541,20,138.28123664085842,36.682119666989195,138.34834352763187,36.72494044104866
20543,20,138.331490636284,36.61066944144176,138.53442319107762,36.70421238719206
20561,20,138.38338072603983,36.66596086520195,138.64207839190442,36.82414953207541
20562,20,138.38438963677254,36.7934428022437,138.5566847473034,36.89487838712802
20563,20,138.4178415300628,36.88191019829719,138.52164518817506,36.98482138719743
20583,20,138.08892306135033,36.74679458640122,138.2780841627541,36.87114986487455
20588,20,137.90525277609493,36.5947820811283,138.01308486367566,36.67262319760266
20590,20,138.13385282744616,36.70903355915158,138.30425586331762,36.83673433272344
20602,20,138.48083383861092,36.72378286518722,138.6959316342377,37.030377945685814
21201,21,136.6787004407729,35.35128433310564,136.885457950724,35.54300005410937
21202,21,136.3773377562327,35.216742720700154,136.69058477296903,35.410870107769426
21203,21,136.75396919582192,35.89751153213166,137.65305683540475,36.39295213473338
21204,21,137.04631133579971,35.2703828021248,137.18645594038946,35.40310844140163
21205,21,136.66613542161258,35.42742261296337,137.1013271731107,35.81060719826377
21206,21,137.3248945013803,35.35942980224377,137.63482202331795,35.80129122461051
21207,21,136.8384215047488,35.510479252315804,136.9790136713441,35.652280026801975
21208,21,137.1923611407542,35.28799800020772,137.3522418029171,35.47473261291992
21209,21,136.65723182938564,35.24105763959858,136.75394616058702,35.356767639914835
21210,21,137.25060319068484,35.22288094619887,137.60411350203663,35.547934748390105
21211,21,136.95902155610008,35.42989691860805,137.08665749664635,35.55326266673882
21212,21,137.145234448711,35.25146364013506,137.2829135538176,35.40381853170004
21213,21,136.79288678269904,35.35594463973348,136.96309224381218,35.44657219834846
21214,21,136.97826472134,35.364692946022785,137.16036194574735,35.46514425170602
21215,21,136.66339005220937,35.48433972140117,136.8207062516923,35.718646802108424
21216,21,136.63255732825826,35.36679069383564,136.7064431652201,35.42878813456491
21217,21,136.95109058426328,36.18305519763942,137.53997306140786,36.46481602683832
21218,21,136.51196383925992,35.417933134906434,136.6988008298946,35.80683174808689
21219,21,136.72674505823807,35.59836822511369,137.1673266670922,36.06768241431212
21220,21,137.04988457791114,35.62082733271541,137.48445627833473,36.037055135086575
21221,21,136.5363368093964,35.13372908063275,136.68313269821567,35.2921398647631
21302,21,136.7628426068011,35.36950294570454,136.81974044096876,35.399985225437945
21303,21,136.72898338537516,35.34454464012322,136.82103791177042,35.382924586200886
21341,21,136.50699383939434,35.22752117096542,136.62521513626973,35.34391927855205
21361,21,136.46378182876856,35.333101802206556,136.562166135359,35.43776313476104
21362,21,136.40265722415177,35.28748133339701,136.5091072758803,35.39496594632152
21381,21,136.58427092086652,35.3876137205969,136.6423720227508,35.448447891856915
21382,21,136.60535211420893,35.25260035981893,136.6723905059173,35.312708171145346
21383,21,136.63794469539152,35.307402919309425,136.68914891089366,35.382846505262194
21401,21,136.27656622625057,35.38869205359555,136.6538547473989,35.79517802724433
21403,21,136.5925960565629,35.403963170564055,136.66017642020586,35.51010910844877
21404,21,136.5163613361069,35.404533170769355,136.60054124488272,35.47321180178341
21421,21,136.677007664872,35.411603720735286,136.69887155617755,35.44923838694217
21501,21,136.94852182911927,35.41412125229414,137.00650119337558,35.45250519765693
21502,21,136.94719483807148,35.468418801986275,137.01224302199807,35.51078217096057
21503,21,137.03718861206494,35.460921973370546,137.13272250304124,35.5549002251654
21504,21,137.04404919641343,35.51649308089111,137.18489085562862,35.63323450466885
21505,21,137.07576722377848,35.444718414123656,137.28730438399032,35.554971413699946
21506,21,137.13542080372724,35.52697922541108,137.3990620491744,35.71096894626004
21507,21,137.25758097288372,35.59754264028078,137.41268379961787,35.69603286542457
21521,21,137.06901688731966,35.39195938681644,137.20588311321524,35.4736715046364
21604,21,136.76495678342894,36.093244585869115,136.97530577194402,36.36691205444794
22101,22,138.08295961099748,34.94960310799718,138.43655834009553,35.645956504988874
22102,22,138.2918291697805,34.898548892217775,138.47457268478172,35.006354171008354
22103,22,138.3956950061198,34.96183396426619,138.638537288865,35.20293022495008
22138,22,137.56590664127862,34.64634000938412,137.82248045381004,34.806270350996044
22139,22,137.48701389087853,34.74049377466815,137.8281900003684,34.97192472094929
22140,22,137.69990917037205,34.840168891681174,138.0560380539132,35.30439508096839
22203,22,138.75252143981277,34.938965828810126,138.92326778198276,35.21924305362421
22205,22,139.02785055785716,35.02500944133283,139.1765455513363,35.15066805418752
22206,22,138.90522722435708,35.0754647212201,139.01382944187537,35.18980533284997
22207,22,138.51209319104805,35.151682504743974,138.74221027188673,35.44572833299634
22208,22,139.03457722415976,34.851739721111414,139.14862140125683,35.036845837865314
22209,22,138.00996277636125,34.78604055932453,138.25078972786378,35.06409417080948
22210,22,138.55837749712396,35.11649145931358,138.81183999981636,35.3591166673005
22211,22,137.7872058370799,34.64634000938412,137.91233972789632,34.89106138687367
22212,22,138.23677805386433,34.767374414397864,138.3483927763058,34.92267944110347
22213,22,137.93751527910706,34.642328152622326,138.10146221780724,34.92007889222725
22214,22,138.15169389116033,34.81580610816553,138.32748610899694,35.01568250494381
22215,22,138.73168669308654,35.216558332701084,138.99318603131053,35.36196638683947
22216,22,137.84984871584572,34.6653558646816,138.00963833963783,34.822358612660025
22219,22,138.84613250291284,34.62924567614721,138.99282700396327,34.77382277470144
22220,22,138.74947055811992,35.14861499998244,139.0015941366603,35.33146944096211
22221,22,137.47410693868449,34.67410510806445,137.5985787162349,34.78686610818448
22222,22,138.75280345011936,34.82648194578536,139.0688305581839,35.01544138681072
22223,22,138.07825269790385,34.59513227933138,138.23387678338702,34.700597225381784
22224,22,138.04379082998298,34.65765166679114,138.14582693896227,34.81353555921885
22225,22,138.90268167262127,34.989663054206744,139.05125916967506,35.082715837965736
22226,22,138.13191666712066,34.61883110776955,138.25127500563713,34.801590558757425
22301,22,138.96117555071123,34.76422465764199,139.08264953264995,34.88350916181855
22302,22,138.8757025031682,34.71654805444933,139.02575548642676,34.84173666721358
22304,22,138.739351828924,34.60156320717641,138.90477839160963,34.71626055917761
22305,22,138.73929583713334,34.70031355043017,138.89647167312944,34.80192972098001
22306,22,138.75116221796213,34.762569027338884,138.89267389098745,34.88290444058765
22325,22,138.9130841631038,35.06134222466409,139.0447781064247,35.18236783790559
22341,22,138.8840202716184,35.07699389155499,138.91494306087372,35.119938054397835
22342,22,138.8116561091423,35.11285917131386,138.91151805401512,35.22114110787601
22344,22,138.73078141393125,35.28488472085337,139.01852849489433,35.404902721083886
22424,22,138.22362111532243,34.74055266677232,138.29426311295254,34.80292944064132
22429,22,137.99842999994473,34.972298053812324,138.23954194570445,35.347418639558725
22461,22,137.8725530613749,34.78575777470172,138.04416972785089,34.97561722485523
23101,23,136.92064972820253,35.14782444104526,136.9921433334482,35.193483891868254
23102,23,136.90731639393664,35.1694953603228,136.96559277638573,35.19943694605837
23103,23,136.89109360628504,35.1853630542617,136.94385055795703,35.24366833282744
23104,23,136.85571861172468,35.17113027923915,136.90747138759468,35.2347863872821
23105,23,136.82916610942857,35.14492722471181,136.89312194622107,35.191661108173776
23106,23,136.8920036059818,35.14253777459879,136.9303466672651,35.18726750539122
23107,23,136.91022610904793,35.13560750538221,136.9725330613519,35.1596627477378
23108,23,136.91154527869185,35.10849222533608,136.96218944228906,35.140558891979424
23109,23,136.88255783407692,35.11195500012332,136.91723833977778,35.14329083810185
23110,23,136.79741639355188,35.10990083795349,136.8981036057969,35.168186171354876
23111,23,136.79196917024115,35.03391183836084,136.9121222180661,35.12661527867232
23112,23,136.90055389144914,35.06840722491364,136.94956778202766,35.118113332664336
23113,23,136.9279191704336,35.19016389165046,137.05987693886982,35.26022889234969
23114,23,136.90579055828778,35.03956333278177,137.02344444860262,35.10980110763518
23115,23,136.97787347578048,35.136385838036176,137.02748221842978,35.19751194631942
23116,23,136.9482252785739,35.09941805419999,137.0199697281206,35.152724720969275
23201,23,137.30645407279735,34.647526847386246,137.50165778198118,34.861311666999995
23202,23,137.10271000036641,34.86097889176261,137.4210574969061,35.041485559011505
23203,23,136.7045760566399,35.250640559014755,136.87725360566958,35.3696040537842
23204,23,137.04908972830845,35.17880138657489,137.18948814496207,35.30161610839684
23205,23,136.86575055814194,34.86277455010554,136.9752382229658,34.94175000036239
23206,23,136.9251344493955,35.216097225107035,137.09766399519742,35.33954133296629
23207,23,137.25615666709666,34.784187224760785,137.46132444906425,34.90974582940669
23208,23,136.7070552527979,35.13273666706368,136.78662416297493,35.199716946380136
23209,23,136.94556267197993,34.82002200041518,137.04167389083761,34.937185828563315
23210,23,136.97888834002504,34.94738999964892,137.06877472057704,35.06920472122107
23211,23,137.03971333280424,34.990609999851756,137.5810893387022,35.29115569437994
23212,23,137.01052167283706,34.88811666655107,137.12652999985983,35.009830558833414
23213,23,136.9707428663903,34.715340774857054,137.17042111464286,34.91384082939095
23214,23,137.16369416325517,34.76525135966267,137.30165722390188,34.870105828821124
23215,23,136.9168749678057,35.31282722519643,137.04984975436287,35.424519360380316
23216,23,136.798452113974,34.81228777506095,136.89202722397738,34.94240805408862
23217,23,136.83242341071207,35.29937417138109,136.89964888478835,35.37808899990756
23219,23,136.88068472072348,35.255494720804904,137.0462291053891,35.33944244081613
23220,23,136.6778746428007,35.19396666682837,136.8389313879734,35.2764513868222
23221,23,137.38453888486185,34.82680000002017,137.70788722441603,35.073468333297114
23222,23,136.85267350188076,34.96958277482537,136.94034888479337,35.06892417141353
23223,23,136.91496000000416,34.97585833309574,137.00165027184278,35.05319805414706
23224,23,136.811004227863,34.93213666677394,136.9179666674279,35.01061969414371
23225,23,137.0170255509886,34.9791255592973,137.08601834037427,35.02181472117263
23226,23,137.00154360595286,35.191174720637036,137.0681999998303,35.24628110798693
23227,23,136.97761600527463,34.907336152641506,137.0242122178198,34.957627495113
23228,23,136.84298917041406,35.25838277484536,136.8858202722879,35.302270000060616
23229,23,136.97240333324737,35.027041386650865,137.04291444894284,35.09559750482117
23230,23,137.00068194571543,35.10792305430567,137.09863306056752,35.16901861261903
23231,23,137.01514763885268,34.57816341411046,137.341359066368,34.73094677507379
23232,23,136.67112408600792,35.116162775092164,136.77344138780995,35.23587155872565
23233,23,136.82274027174628,35.18055805391123,136.87928000037186,35.251769441107
23234,23,136.83918999971888,35.22506527893961,136.9047941634201,35.26658055934553
23235,23,136.7014181322412,35.01446246756899,136.80673055776924,35.132270278650594
23236,23,137.04504472073745,35.05507861298776,137.13018306129936,35.14466750500151
23237,23,136.76129111529292,35.14760527896061,136.8479805579566,35.217508053653944
23238,23,137.01791999960847,35.154769720846105,137.09756916978154,35.19589250473547
23302,23,137.0200099997619,35.06787333338781,137.08927583681054,35.12534110840562
23342,23,136.9015336056915,35.23642917076978,136.9322241630149,35.26524610842131
23361,23,136.88294944206325,35.30457250461757,136.94180153001673,35.36134017091234
23362,23,136.89185311343067,35.34134000044082,136.93984683466385,35.379029531587776
23424,23,136.80733194611264,35.15728155879708,136.8411216733267,35.190187505149424
23425,23,136.76386221766734,35.09693610791521,136.80282444868953,35.15737750476819
23427,23,136.75837389084256,35.02601244981486,136.83897133585867,35.097824441145235
23441,23,136.87744083013035,34.91046638691438,136.94428055800154,34.96274582915686
23442,23,136.91436000021406,34.93217919841146,136.9832633331365,35.003487504644795
23445,23,136.8518413753793,34.666597117063475,137.01343594031653,34.76642194601618
23446,23,136.84217360582738,34.726574161568465,136.94214011667327,34.81553444096187
23447,23,136.8756880541606,34.811084440794446,136.94073461660946,34.87834082906619
23501,23,137.10155250274602,34.81495833256116,137.21214194589425,34.909713612993016
23561,23,137.42939834016147,35.01635833287094,137.67804083012038,35.217549053745984
23562,23,137.60549082993805,35.01475610790823,137.77826834041173,35.14636222523666
23563,23,137.6523770297763,35.0955516672758,137.83811566760414,35.23508850463094
24201,24,136.15977389095247,34.44744694572012,136.57039874160887,34.84447638707576
24202,24,136.41348583680212,34.90058644121143,136.67698291822728,35.07050527939532
24203,24,136.63264306062888,34.38472055860706,136.81762070023535,34.56630427911938
24204,24,136.06914083028528,34.31359249539753,136.61708500596842,34.65110222538755
24205,24,136.57339888535046,35.02104170261265,136.75516944181652,35.18092510770771
24207,24,136.3952594423696,34.79888499964318,136.64233464332926,34.98809222457669
24208,24,136.04092999971988,34.54632027935759,136.19548583720177,34.68804944082922
24209,24,136.0920772242846,33.94760909898088,136.30237316538944,34.12022610834839
24210,24,136.26712527920847,34.80231333309399,136.49621194562496,34.952678891917515
24211,24,136.7817766669598,34.37561589235969,136.98767153011715,34.55069735979549
24212,24,135.8532511150471,33.78082444129507,136.23195556389828,34.040924161920714
24214,24,136.4086533333848,35.064383891903276,136.59441834023437,35.257532640319255
24215,24,136.7017938905758,34.24655027887246,136.90870455327274,34.42406944055239
24216,24,136.01995972785937,34.55775555937174,136.34181111529097,34.901880278752
24303,24,136.71407167256984,35.02141605440755,136.77270749695356,35.105166946097825
24324,24,136.56169167283258,35.04861055933003,136.62048138830562,35.1156838923979
24341,24,136.41696221833183,34.99062972108493,136.55904610929065,35.09280722507356
24343,24,136.64035944163516,35.02498277463553,136.68581333261943,35.04730250530656
24344,24,136.65439444944445,35.004104972866344,136.70034692636978,35.03899499991945
24441,24,136.40000666667447,34.41542472087434,136.602293061276,34.523689721403684
24442,24,136.58781250324466,34.5049522251652,136.6605022176035,34.60082671188343
24443,24,136.09268277558976,34.165375279345824,136.5530011147099,34.45965972111941
24461,24,136.5781308301739,34.44718277526505,136.67075167315136,34.52099833290691
24470,24,136.51227194609362,34.31660527911049,136.65272639410796,34.45838249495637
24471,24,136.26408360567405,34.19747138709499,136.53478416315875,34.43532500004886
24472,24,136.41667834013344,34.21939255891965,136.75591749699504,34.398470829365465
24543,24,136.09967778160456,34.08678431534406,136.37449399470222,34.27426582940467
24561,24,135.93596221778228,33.77228834173377,136.06757917014272,33.89305889195447
24562,24,135.90139833976173,33.72298582903295,136.03151529219713,33.83017916233865
25201,25,135.8154169387409,34.87140444086242,136.0431008300394,35.28464166737922
25202,25,136.0836997543404,35.1901636128606,136.3515252790686,35.35600883783775
25203,25,136.09165082962227,35.33865364005362,136.3626238906802,35.70373730613193
25204,25,135.99584724995077,35.07392917109456,136.18298944170954,35.26087472069196
25206,25,135.88785046682574,34.972177774884585,135.99918500638307,35.088122505449405
25207,25,135.92324111498567,35.03689250458558,136.01596333314149,35.14721325189021
25208,25,135.95866167279814,34.939730559218106,136.06123917005186,35.05068500031268
25209,25,135.94098833984015,34.790680278672085,136.421168885336,35.03062999997468
25210,25,135.95931133584963,35.02534194587429,136.07969916968113,35.1902068648551
25211,25,136.03628944220418,34.94667194585378,136.1421799996075,35.05674583824998
25212,25,135.7640727500575,35.23127894586685,136.1528484699811,35.54055841364004
25213,25,136.08523319105905,35.0138747210417,136.4549983401015,35.25184310817309
25214,25,136.20978036327335,35.2741302788894,136.44435182937366,35.5599180536754
25383,25,136.18067527924097,34.956451108132285,136.34541917015872,35.069085559251334
25384,25,136.07316861224183,35.01925499971861,136.16354944185343,35.09717444084794
25425,25,136.19163000022456,35.1370427748044,136.33568250264557,35.19912861259559
25441,25,136.21348834001503,35.17633777476868,136.25623610890943,35.21855000008259
25442,25,136.23755749668135,35.179779440668824,136.2905383399726,35.229875837999714
25443,25,136.25768693930104,35.13110389213108,136.4179644228201,35.28766883844628
26101,26,135.64696527882472,35.022426946346684,135.77250888457752,35.171493332851185
26102,26,135.73293639429937,35.01507444093289,135.77162805439139,35.03903194586775
26103,26,135.72566555092465,35.00642444133507,135.86075527943274,35.321238891861526
26104,26,135.7240325025981,34.99640277506819,135.77179250262202,35.02254444097332
26105,26,135.7646436064175,34.97127861291784,135.79086527870982,35.01085389199369
26106,26,135.72729083000797,34.98146749462933,135.771568885296,35.00400055887883
26107,26,135.70493138797337,34.941793053606716,135.76783527877524,34.98576805355299
26108,26,135.55901333279928,34.98004861265349,135.77518250337005,35.26776638740904
26109,26,135.70317416305738,34.87491555870622,135.87844194573938,34.977179721367236
26110,26,135.78681500560822,34.95034889238764,135.86341055835078,35.015605558949574
26111,26,135.5993216726572,34.92730610769087,135.72202944170556,35.03059666660306
26201,26,134.91720583688004,35.160614440903885,135.32482693931195,35.4697252785989
26202,26,135.15942639401305,35.38003277479288,135.48659963656416,35.68677389170193
26203,26,135.17282917033015,35.26385110794246,135.5345020487307,35.45448719822576
26204,26,135.75964610888104,34.8579255594172,135.879924449354,34.95708944062534
26205,26,135.1234450063821,35.45536389242983,135.28865014338953,35.69476417112975
26206,26,135.37769306058647,34.91530972086707,135.64674500607737,35.101082225364564
26207,26,135.74945639439727,34.82159555858834,135.84820472137096,34.86999722489219
26208,26,135.68315861238023,34.92906222464211,135.71833250324266,34.969013891578015
26209,26,135.64315972833901,34.90369694615731,135.7150280541016,34.94667805404913
26210,26,135.67992221763643,34.82266361323531,135.75287833996356,34.899229721274764
26211,26,135.71869780785778,34.75180972094205,135.80194805415954,34.85402472126407
26212,26,134.854035279105,35.51167722482421,135.2331081577155,35.77900717094434
26213,26,135.3687288846305,35.02464027862612,135.79518972812366,35.377846918600596
26214,26,135.77515000007259,34.705972225038295,135.9220688846715,34.80334582944664
26303,26,135.66710333335232,34.88784222493888,135.70652610899288,34.91390972105694
26322,26,135.7159511146524,34.85834999985275,135.833193333106,34.91138500031769
26343,26,135.79071221769482,34.79006749501906,135.86768805416057,34.8263027747534
26344,26,135.829436938664,34.81365249536651,135.94703527875527,34.89368333331936
26364,26,135.90319167335724,34.73749194559696,135.9783666668883,34.79801805409011
26365,26,135.86107055835976,34.76373944102255,136.02845861167577,34.85477638722068
26366,26,135.73670778223857,34.723170558574566,135.80780555088563,34.79014389242684
26367,26,135.95156472143492,34.706313613082955,136.05547639442023,34.825902494604634
26407,26,135.27854306131337,35.09712527940826,135.5017188850187,35.34773666681389
26463,26,135.1888663936693,35.660488613059215,135.30864138808977,35.769360081302864
26465,26,135.032416666696,35.443055278978136,135.18217444929155,35.607158613379454
27102,27,135.5148072241742,34.691051946190555,135.5408513882811,34.73341389243734
27103,27,135.46188389072915,34.680609720962025,135.4910033333373,34.706972225288155
27104,27,135.34398172457713,34.617282405059086,135.4720572240618,34.699652775355446
27106,27,135.4618716734392,34.66689777481264,135.4974708303148,34.692866386874414
27107,27,135.42630531843588,34.64446013492744,135.47418083008142,34.67746472072042
27108,27,135.44709596600626,34.62470777534372,135.48204360632758,34.66813749474977
27109,27,135.50655027237735,34.645129720660236,135.53354500639705,34.67607500016129
27111,27,135.48053666723354,34.64801166740472,135.5107316729285,34.66999749508847
27113,27,135.40729402090255,34.68284723421266,135.4739288850102,34.72908194627496
27114,27,135.50204939036723,34.719410000271466,135.56052861220587,34.76845305406533
27115,27,135.5306888845845,34.66427166720382,135.56340138766404,34.682182225129736
27116,27,135.52453389122627,34.63342166727631,135.56331258141063,34.665666387094234
27117,27,135.52585722383196,34.711419720843594,135.56762583696297,34.74608082906718
27118,27,135.53424500630217,34.67802222484596,135.5656377821581,34.715344161703854
27119,27,135.49636055789358,34.616126946201746,135.52947749688917,34.64845777520634
27120,27,135.48696194643685,34.58616074782043,135.52363944170702,34.62487082872593
27121,27,135.51399000033837,34.59405555881716,135.5477316731783,34.64445916186099
27122,27,135.47368306072485,34.62163999988627,135.50836055819343,34.65703027932409
27123,27,135.4455561090274,34.706682495201164,135.5067141630284,34.751365559273324
27124,27,135.5588574973758,34.687693332681306,135.5993500004024,34.72237138683022
27125,27,135.39850321714994,34.59601416172433,135.4928399998663,34.6448152790021
27126,27,135.54073888489177,34.58692249517719,135.58731944203885,34.644044999777066
27127,27,135.47443722409878,34.68464610763192,135.52263083044863,34.720568891841026
27128,27,135.49673277559725,34.662496945977466,135.53590027237988,34.69546861298625
27141,27,135.42354211367774,34.545670892397936,135.5027775876158,34.60832861267551
27142,27,135.4679077818189,34.50118827911598,135.53558180265827,34.55013641396448
27143,27,135.5081543058767,34.5100122246846,135.5550483397093,34.55906246765892
27144,27,135.40206600464262,34.49677472127655,135.4900837477669,34.59967255884169
27145,27,135.46502555088864,34.43017833286393,135.54538639416694,34.5133354138984
27146,27,135.4820157723102,34.54232572105536,135.54909833961688,34.59433527855043
27147,27,135.53961172500124,34.510667495009045,135.58719749666727,34.56002944120593
27202,27,135.35056376100897,34.34771194644935,135.4637266672521,34.50039958627207
27203,27,135.44114333269886,34.73069555935274,135.508293606365,34.8248838918783
27204,27,135.41599055771826,34.79188833258064,135.45991805367544,34.877124720829386
27205,27,135.48690333312254,34.74472944121089,135.55507722413472,34.83080916241306
27206,27,135.3671613878879,34.48153972108145,135.43506693918812,34.53189306281479
27207,27,135.55718666673147,34.78050833299335,135.67275555082824,34.9766308291496
27208,27,135.3280728021183,34.33990277519308,135.43429027207856,34.46692916155172
27209,27,135.5534005577897,34.70890166677867,135.60627833967385,34.767522225170694
27210,27,135.61425805386625,34.77308861314913,135.7460247208644,34.88134138739525
27211,27,135.49590138833855,34.77544361293258,135.60627833967385,34.92880166676366
27212,27,135.5619550062188,34.5834450002867,135.66428722417618,34.65062110787801
27213,27,135.2293251622266,34.328444162268454,135.4092213876571,34.45522441407559
27214,27,135.5577540858825,34.439198613025724,135.62770306144728,34.53179777514737
27215,27,135.58700610924473,34.72821222541404,135.66207583713037,34.79150666659956
27216,27,135.4853761089205,34.33654138727536,135.66338194592026,34.479469720951045
27217,27,135.521989999639,34.55389749477371,135.5857555506783,34.59942416159595
27218,27,135.5905250062242,34.69596444070652,135.67536444901032,34.732187774746194
27219,27,135.41508111470182,34.34733472132052,135.52653916984696,34.515376667199575
27220,27,135.4374311147543,34.80720138673479,135.52622194568642,34.91043027913423
27221,27,135.60767639425035,34.54698999998868,135.6817588850647,34.60681000038136
27222,27,135.56719444926455,34.52545110838213,135.66014277586862,34.58206194640189
27223,27,135.57188917024916,34.711893613199834,135.6238225030063,34.75020249484942
27224,27,135.53681277578914,34.75399194567194,135.60227472070198,34.798661386813706
27225,27,135.39384529192682,34.51128749482217,135.45950138787896,34.54723393659708
27226,27,135.5812341632262,34.553511387041056,135.62759306087128,34.588716107562504
27227,27,135.55707416334212,34.63218138706151,135.67870472084633,34.70349944104652
27228,27,135.2011645012409,34.29929277484183,135.34038167277618,34.438495864792515
27229,27,135.62467639400052,34.70177138743975,135.7040186120695,34.74997833343349
27230,27,135.65801250317463,34.74212916213128,135.71669306073636,34.802388612644506
27231,27,135.5326438911029,34.46650416173782,135.56653693872897,34.5294216673762
27232,27,135.18813167273868,34.30086138674375,135.28255221831046,34.37696318920001
27301,27,135.628108340028,34.87003110774958,135.68269444888983,34.934622224736074
27321,27,135.41910027216,34.873846945580226,135.5253766666001,34.94740944119292
27322,27,135.33020389139665,34.92627472110166,135.49305583715739,35.05086917067587
27341,27,135.37087304195745,34.47354055904975,135.4185002723699,34.50784499974708
27361,27,135.3354583396308,34.35542777527178,135.38831360608822,34.41925444064009
27362,27,135.21804883288746,34.383412224894414,135.3003813875912,34.44604930573104
27366,27,135.09282669339734,34.2723516673957,135.20846610862418,34.338131676435864
27381,27,135.62039778213216,34.497272774818896,135.67750444877151,34.54107082865596
27382,27,135.6127588849148,34.44634500012182,135.68471888486886,34.51481694624522
27383,27,135.60252666667247,34.39612249535702,135.6869780537943,34.476261667442145
28101,28,135.2425836063485,34.65130090990925,135.30429416334516,34.780265802025326
28102,28,135.1943672237685,34.691697467864,135.26199500596488,34.771370918832986
28105,28,135.1377513882162,34.6479396038298,135.18737758760574,34.7145433334083
28106,28,135.1236600001091,34.6425683687354,135.16714813228066,34.69412972120983
28107,28,135.06569306088625,34.63472281990238,135.14167583717028,34.71172055935648
28108,28,135.01870846982024,34.624459846644754,135.1014133330591,34.67830027903483
28109,28,135.06199221756697,34.68575499959371,135.29383888535642,34.89053944104256
28110,28,135.16956167343267,34.6301385860271,135.24511367085938,34.73475944099556
28111,28,134.9100522183354,34.65690666660953,135.0989769392345,34.77562082883833
28201,28,134.43319693858803,34.59312166683162,134.81363499435963,35.09322305360121
28202,28,135.36856142726822,34.676660594610894,135.4602950063097,34.78122972057531
28203,28,134.8628941246643,34.64189425221815,135.03251666681092,34.725591386933104
28204,28,135.22969722434755,34.68846206327379,135.38417916993296,34.86132694558222
28205,28,134.74061476026316,34.239910432220825,134.95769627776122,34.427237342029855
28206,28,135.26684586274655,34.70485019757871,135.32434450069832,34.781001198346814
28207,28,135.36978055812642,34.756783613073424,135.44620055780968,34.814830558683525
28208,28,134.40852389076508,34.753717495066496,134.5036355509401,34.92200027938952
28209,28,134.61647221821852,35.38571305381453,135.0518180541601,35.67471041365485
28210,28,134.763609170427,34.7063515320977,134.93506722437303,34.86710055894383
28212,28,134.29560749678876,34.72194610822646,134.45938666696134,34.859649441068996
28213,28,134.89182444883943,34.95283582901044,135.10075833972576,35.07181417068762
28214,28,135.27470639428486,34.77206638705428,135.41197722426966,34.96238361281365
28215,28,134.92564055766582,34.76231805443484,135.16750610921974,34.942743054248695
28216,28,134.7426863935624,34.7320861081875,134.8232855508876,34.815807774609254
28217,28,135.3608074968687,34.800485559061485,135.46852360607977,34.9393791617191
28218,28,134.88262583671315,34.80557749530533,135.02690916992242,34.9171527752805
28219,28,135.09249555132885,34.872552224905405,135.30956082976866,35.03709305430118
28220,28,134.78599083021277,34.839754440914874,134.93408389125875,35.018464170984885
28221,28,135.05943333338178,34.95499000028843,135.40428138827565,35.178034999615704
28222,28,134.5028677817229,35.24167250518212,134.86271999972837,35.4518480540446
28223,28,134.89932583701795,35.04689417082949,135.22864306062888,35.30874610804659
28224,28,134.656720388935,34.15623866738076,134.87149719763772,34.35619389243436
28225,28,134.68522360618465,35.125793053706616,134.93816888538595,35.421748891798075
28226,28,134.78794957161563,34.394437774683695,135.02569966270948,34.609168279092955
28227,28,134.37999944232058,34.95313361342568,134.72824138842952,35.338521386652815
28228,28,134.89715916966009,34.852996946352164,135.1184466670802,35.00890222465813
28229,28,134.42666111471885,34.75520989212299,134.5984363937248,35.00868166682562
28301,28,135.28490055771476,34.86381638681695,135.418484721293,35.02667055929902
28365,28,134.83502416323472,34.9804224950023,134.97860416275205,35.2161336125763
28381,28,134.88013138805331,34.721305279215414,134.9664219463159,34.779920558587094
28382,28,134.84002311317636,34.68992312615154,134.8916325029378,34.73029555889309
28442,28,134.70599583743808,34.96381555924086,134.84818610920172,35.060023332910646
28443,28,134.69507888528256,34.91760694640362,134.80539583744815,35.01985250478941
28446,28,134.65617000024554,35.03505083782608,134.90742111499264,35.195639440907655
28464,28,134.5558933330111,34.80660110815478,134.63167944195288,34.86017666681988
28481,28,134.25301610920621,34.818056387292586,134.45121055792106,34.946207224783734
28501,28,134.25409416341506,34.90746249479844,134.48661389101846,35.15255805411107
28585,28,134.4713849936228,35.36596138670882,134.73320762643095,35.67030713506642
28586,28,134.36994443638685,35.42901861281888,134.58652472123902,35.66621577463843
29201,29,135.7133644486106,34.55814416182375,136.07106583721884,34.7576724948899
29202,29,135.71437221810356,34.476706107900725,135.76600555141522,34.53229666685786
29203,29,135.72158472065848,34.595528613255055,135.82389250313668,34.66675138676726
29204,29,135.78640306125249,34.54836361279064,135.9507919456919,34.6447719460686
29205,29,135.75062778204665,34.4631352788702,135.83132444926412,34.537558054260955
29206,29,135.81846194606214,34.44327749536029,135.94665389066472,34.59170749460537
29207,29,135.651128611996,34.08285610812305,135.91077167307446,34.408324999599245
29208,29,135.66429250319663,34.38626361267575,135.77183082992906,34.48171389188275
29209,29,135.671053606339,34.646489721323746,135.75705778179133,34.781331945612976
29210,29,135.65033527865035,34.51922972077517,135.7295719459887,34.575006108445336
29211,29,135.66608360557416,34.46429722543678,135.75067805414903,34.54061777539016
29212,29,135.88686666696333,34.42712972105994,136.10699639426832,34.635537774748684
29322,29,135.9528513877815,34.61995777483162,136.0857402719961,34.70297889186253
29342,29,135.6577844485936,34.607823333080546,135.72110639374523,34.66218694607085
29343,29,135.65098722418122,34.58477833335354,135.71117333318296,34.61592861331502
29344,29,135.7092955514487,34.59066582876517,135.7569447208224,34.64673499972065
29345,29,135.73990666715918,34.58898610832239,135.76867167255978,34.61873499992049
29361,29,135.75089500570016,34.57870777464427,135.7950994415861,34.597574694116986
29362,29,135.7525477815551,34.56151472102772,135.79357527867637,34.58058555907644
29363,29,135.76248416331362,34.52994749468132,135.8261527764297,34.589702494774485
29385,29,136.06823472105566,34.473306387280104,136.1717738912522,34.56094999984276
29386,29,136.08046472117007,34.43522166704645,136.2290361091293,34.529029161866504
29401,29,135.75927500633668,34.41266916215227,135.84676250288737,34.471166386619586
29402,29,135.78056277575172,34.42895861294977,135.86894805380985,34.49551610838188
29424,29,135.70403444913075,34.54825444138953,135.7291488851131,34.582443053904
29425,29,135.6706002715855,34.57073110825422,135.7159255514232,34.60097749491564
29426,29,135.71985111463744,34.527134161712354,135.76985583687758,34.578450829342444
29427,29,135.70942527865384,34.55544444110825,135.75316999999563,34.5958230539909
29441,29,135.81800610939456,34.33383166699798,135.97936555107947,34.45340916220323
29442,29,135.7395244489943,34.37710749531482,135.85839472093983,34.42895861294977
29443,29,135.76779500623468,34.27977472102674,135.86959749742675,34.38735277531049
29444,29,135.81498666710115,34.26989777456282,135.9166841633437,34.34578861315413
29446,29,135.74411277568424,34.170103613391234,135.9727213876821,34.29261944103456
29447,29,135.5396980536225,34.06511749517642,135.73016778191777,34.224193613044974
29449,29,135.55131666673094,33.859165829039966,135.91598805390572,34.15328999993369
29450,29,135.89080693858955,33.97259194616157,136.05562167270216,34.12773889183654
29451,29,135.90350527864587,34.02242889178012,136.1186486123438,34.236756667186626
29452,29,135.88801639444125,34.195698054421825,136.13184944229806,34.38126222467207
29453,29,135.93657027190068,34.34378861265452,136.09589805425196,34.47963305402237
30201,30,134.99904693906512,34.151163359601526,135.31471389113335,34.315753333349846
30202,30,135.1120335413151,34.09339527936879,135.31815834043528,34.20295527936281
30203,30,135.52669082971818,34.241282494591644,135.68118250327007,34.384482494571614
30204,30,135.07497907902143,34.055362225186684,135.19300693891932,34.1180565136973
30205,30,135.14144444880242,33.81314246755102,135.21593972843584,33.95271472110767
30206,30,135.33626555131434,33.64445861257508,135.83013610939406,34.06842055936147
30207,30,135.72240389062722,33.6700454138649,136.0118899609531,33.9210563871427
30208,30,135.27450610896994,34.17643472098575,135.48793444901582,34.34822638743799
30209,30,135.26962472110415,34.23890082901022,135.3384661087241,34.31913194598269
30304,30,135.29121360602323,34.10431194643934,135.50830027214,34.20197694557976
30341,30,135.4441591696102,34.09709166744665,135.604628340026,34.36283249532357
30343,30,135.52599360602028,34.23370110811982,135.64419277597597,34.304221946385894
30344,30,135.51256999960594,34.15430777528377,135.73018083018133,34.27827194579385
30361,30,135.13898018228974,34.0070966667779,135.2415963935589,34.06274916204438
30362,30,135.1187044487515,33.94775499959371,135.2792788848128,34.03198249509626
30366,30,135.18634833960436,34.00139416191121,135.5497930614008,34.154916946360174
30381,30,135.05765111540688,33.875537297108735,135.1542627764062,33.91645472080887
30382,30,135.05700027244484,33.87985889207437,135.17797805434395,33.98399055901723
30383,30,135.0676551360758,33.94459694569264,135.17602055760278,34.007591441392094
30390,30,135.17926111530835,33.780050559385984,135.40298250284036,33.91909444055614
30391,30,135.25954888507317,33.74183722530785,135.46500944223214,33.887893332711315
30392,30,135.17137639380576,33.87226194643182,135.54774944198334,34.043156945636724
30401,30,135.3297127239632,33.54601420699021,135.66805749695607,33.7047644411262
30404,30,135.39685082980213,33.66671610836187,135.51194610932566,33.76796861286135
30406,30,135.46111355394748,33.49772080197357,135.66769639397353,33.63607555874023
30421,30,135.77693693858907,33.54596486478687,135.98906717291186,33.723013332999074
30422,30,135.92162861167128,33.57801972063379,135.96104263331108,33.61869249456316
30424,30,135.6300041630618,33.51678110806188,135.8399374966184,33.72830833256364
30427,30,135.8924969391826,33.9141136128531,136.01336389133064,34.00988138691662
30428,30,135.62181693930052,33.434863666924855,135.89921360592336,33.58764499991696
31201,31,133.94603749663338,35.27171361259332,134.4407683272966,35.5727093782354
31202,31,133.22685277613493,35.37427861286784,133.48024555079166,35.500983333314366
31203,31,133.57623472085584,35.308197775207304,133.88747722429468,35.4813952789691
31204,31,133.19812444868455,35.477163332921634,133.27076158238128,35.55245705404997
31302,31,134.27779097287532,35.470830558883335,134.43813499363523,35.6145847301014
31325,31,134.35413250311274,35.22917250520709,134.5152405582054,35.44280417117574
31328,31,134.1374752785614,35.169171386750236,134.38763916961216,35.314099720925526
31329,31,134.21452666707216,35.3020413870006,134.44717888459797,35.44988777480114
31364,31,133.76233832695243,35.248832505316045,134.04229805421198,35.43160472128102
31370,31,133.84663499381008,35.422023333410266,133.97090027173033,35.5253899731689
31371,31,133.55893972818603,35.35509805393218,133.72519832744103,35.52216717077846
31372,31,133.67058972833343,35.42021389205763,133.8555947208199,35.504513801870644
31384,31,133.3675586116408,35.430534171015324,133.39160801559763,35.45629233272513
31386,31,133.42931538299865,35.34769417114927,133.60816469504482,35.53198581059684
31389,31,133.29256472088537,35.232405279280385,133.4276002724348,35.38866417101485
31390,31,133.3580758371304,35.2349880539557,133.52748583710184,35.40419444112075
31401,31,133.13587917008783,35.05767833268908,133.41261778208514,35.269059721329256
31402,31,133.29381194566497,35.15875166705598,133.52910555118046,35.271007224803725
31403,31,133.44389166037206,35.2297727747939,133.59641444906777,35.363649171272414
32201,32,132.87615250263605,35.32970222457817,133.3262694423811,35.60446583812808
32202,32,131.89332693868744,34.70074416201362,132.39318277636426,34.96400955919398
32203,32,132.57552315227178,35.1600255594322,132.9344141631833,35.51318999961893
32204,32,131.68444360588785,34.450371945708866,132.16108194577532,34.8378452791365
32205,32,132.31413929958921,34.998448333423994,132.6720269386924,35.27203794589468
32206,32,133.06080832704288,35.209038054262976,133.3244338910115,35.48140194564343
32207,32,132.1433697279308,34.89611916236959,132.46508944202435,35.06415041441028
32209,32,132.70024221820404,35.092366441258434,133.07331306104913,35.38088389227795
32343,32,132.8927383268125,35.06760417079602,133.19490527865582,35.25055472142344
32386,32,132.6290169391806,34.94799369385407,132.85974569390885,35.17461889244811
32441,32,132.38367749721886,34.94115777521131,132.57174221802916,35.05827750510292
32448,32,132.47425861214538,34.903774440738005,132.7216311145844,35.12346250469102
32449,32,132.30607722368507,34.779423333320324,132.71059778206222,34.9678530538755
32501,32,131.66796972842042,34.428494721054676,131.97049805394226,34.601476946004425
32505,32,131.76345666669204,34.30261527877224,132.05518527927734,34.484559161576215
32525,32,133.06432832659118,36.03472389179433,133.16837027177075,36.12009222497636
32526,32,132.94580333315753,36.038388891734144,133.08992333329536,36.14268389174839
32527,32,132.9999388852715,35.993076386766006,133.07992250342102,36.032385559146405
32528,32,131.8624765241724,36.13319055919709,133.38583083012884,37.24281686510642
33101,33,133.7398349942897,34.618659080952,133.99398527869778,34.949090278593644
33102,33,133.93051533121775,34.60179832413354,134.00672138758216,34.71454138727535
33103,33,133.98389197063807,34.55946664007354,134.1225238912648,34.78290361341118
33104,33,133.816231115174,34.51852055857711,134.04716713395624,34.64384333310352
33202,33,133.60253861186766,34.41759897311431,133.8821047211561,34.669350558781446
33203,33,133.82183805358352,34.9839880542055,134.1688936059553,35.30732555872771
33204,33,133.8606838907491,34.4185014949482,134.03419542158167,34.5784408288813
33205,33,133.4449433329686,34.29840348563255,133.5911048508084,34.603479999702415
33207,33,133.35823055829383,34.54049055909218,133.60854749686962,34.744586386952335
33208,33,133.58181888483387,34.622158054350905,133.80415861243023,34.78160000023996
33209,33,133.32886360607074,34.68389889242013,133.72033555104497,34.960213054089365
33210,33,133.26692749730637,34.85592500043856,133.62163555094014,35.193091666947055
33211,33,134.10229805391225,34.68008805392071,134.34696138825768,34.949235829370195
33212,33,134.0519300001696,34.588467775067954,134.27348610889703,34.7273483330593
33213,33,133.95535472124357,34.71964138684069,134.15220027232488,34.95081389224748
33214,33,133.5666374968232,34.90078138725141,133.84560138769405,35.34489555918287
33215,33,134.0862325028279,34.88104333318347,134.41316111539334,35.210976107661395
33216,33,133.54065472133846,34.46576582912985,133.65019055834773,34.59011305417425
33346,33,134.03702972763995,34.75930861260258,134.21625861204552,34.92339222487146
33423,33,133.80179749725687,34.590593613204874,133.8397666671981,34.62787861310767
33445,33,133.52979499394394,34.49119166706197,133.5850211152325,34.53790805421352
33461,33,133.51883027159988,34.573576386940886,133.64937722407979,34.7061408290362
33586,33,133.50554111473082,35.14791305394442,133.60854250293437,35.255589720689215
33606,33,133.76605666658213,35.06225166678115,134.03014194599416,35.35290027902482
33622,33,134.07882499397851,35.01166083837717,134.18586722409327,35.103587694316786
33623,33,134.1313388849817,35.08936889206086,134.23249499384906,35.19053333314696
33643,33,134.2802925027969,35.14441027911124,134.40281444942752,35.25269305384154
33663,33,133.89417277585312,34.86966222473205,134.01603111544375,34.97529249495284
33666,33,133.76189333341074,34.92268027927162,134.12189138817723,35.05158138697158
33681,33,133.64050360625663,34.74526805417753,133.8783958369985,34.95535805413107
34101,34,132.42047522735004,34.353075306180585,132.47079610895344,34.41533389204562
34102,34,132.46180027236483,34.389309999556986,132.5722202724478,34.46331527907705
34103,34,132.4145096114296,34.297152468411866,132.51759364463112,34.40387082927549
34104,34,132.37091011710845,34.35720213497069,132.46376972829046,34.42959305407635
34105,34,132.30780499400544,34.42278722495064,132.51155306122496,34.5196055591494
34106,34,132.34254250323409,34.43635305375062,132.69609778158758,34.61476694643761
34107,34,132.51031389077366,34.31266500028971,132.66708416310382,34.45728277518009
34108,34,132.17855499431766,34.34746758626028,132.41457944198783,34.55895444109473
34202,34,132.44723771684733,34.037068198139025,132.8680384701994,34.332969441087016
34203,34,132.78244360588792,34.29655444083494,133.01145027221241,34.42932972089005
34204,34,132.8474022182379,34.317201667223344,133.1624899997139,34.59367027936008
34205,34,133.05121444938754,34.255960270350386,133.29656888484635,34.57309944138626
34207,34,133.2106841627441,34.30958626119718,133.47063788563014,34.71212805386676
34208,34,133.0835044491712,34.52718305425469,133.26992055798758,34.75744444120818
34209,34,132.63336111522347,34.60521638732661,133.10962194579633,35.004561946276965
34210,34,132.76342722358766,34.73479472139945,133.33066444900533,35.10507944116347
34211,34,132.12398499411233,34.118930829194596,132.32060055796956,34.33170944143774
34212,34,132.6005211152575,34.26855536014193,132.9208708300249,34.62257582901145
34213,34,132.03644805373483,34.23308499967317,132.3550109855687,34.58315138692711
34214,34,132.53747639422045,34.53480333280771,132.80704555061186,34.85174805422946
34215,34,132.353104721406,34.12884394639116,132.49892491595233,34.2941510179553
34302,34,132.4958408303902,34.37503222515721,132.54071693933543,34.421491387317815
34304,34,132.51815999988423,34.34359527909902,132.5787366673635,34.38605194644032
34307,34,132.55138472082842,34.30492249487742,132.6314008296847,34.38073277489781
34309,34,132.49162464316294,34.29674006270392,132.5364358372443,34.356556946046396
34368,34,132.11706972828551,34.49638972060927,132.40467749706897,34.71491555920585
34369,34,132.12958972828346,34.58322277511115,132.60386416330073,34.82095249476197
34431,34,132.80115832679553,34.20602691920715,132.94454027221593,34.29950027901481
34462,34,132.869983605759,34.53741555938075,133.1619516601412,34.68425527935784
34545,34,133.13496166015273,34.63650110784005,133.37838972800375,34.86140055868901
35201,35,130.77515527919297,33.91115377492696,131.17246610942357,34.373642919185556
35202,35,131.18353221773782,33.91976761278528,131.3793111153159,34.16670499983604
35203,35,131.2920188849638,33.967553053730626,131.79493610931422,34.50450749512498
35204,35,131.1281158367766,34.210460279218694,131.7275308301838,34.79865416166041
35206,35,131.4552416598749,33.93493082909464,131.70170610875005,34.15974610789675
35207,35,131.79918275028388,33.93068405412595,131.93573055771924,34.114814161844265
35208,35,131.87913250266308,33.98069916173711,132.4327822184248,34.469489721173886
35210,35,131.89159277598606,33.85172174836015,132.0641536056046,34.03295582864877
35211,35,130.93461321682662,34.26191666732052,131.3493263935984,34.44231210821738
35212,35,132.057438327417,33.76703944141724,132.273341946174,34.052906945599204
35213,35,131.08287722370505,34.08174638698631,131.40961666657608,34.336728892324686
35215,35,131.63434111475078,33.96782913480689,132.0306344493206,34.356186107902715
35216,35,131.06778871587676,33.930400864808234,131.2268749942857,34.1194947212046
35305,35,132.1543305058483,33.7773988921453,132.4921238910049,34.00980861287735
35321,35,132.18350472076645,34.17926582905494,132.2467933334458,34.21067292841309
35341,35,131.93088360579395,33.71289805360243,132.1531683272567,33.86203138743872
35343,35,131.9800349937202,33.88434461331343,132.0732000524406,34.02128555938123
35344,35,132.0458656157058,33.859209440763266,132.13477111469535,33.95876361335024
35502,35,131.4508263546527,34.48002861273045,131.64782972775993,34.607117775365225
36201,36,134.4225180540651,33.955296666608035,134.6074258370329,34.13036333300158
36202,36,134.4379097278519,34.13095055882138,134.64349204871928,34.251528973383586
36203,36,134.54696416316574,33.937888333280114,134.6520796758366,34.02899999965041
36204,36,134.46721472128252,33.785878053829265,134.8213786122334,33.98581600920164
36205,36,134.1827694418564,33.978822774851324,134.40404027214106,34.09246055910768
36206,36,134.1787902718537,34.06355055871148,134.40160972840647,34.185321666761695
36207,36,133.9985269386675,33.852715558576335,134.25612610873316,34.17618582911291
36208,36,133.66074805417952,33.79126110781402,134.09597832723819,34.11601082943639
36301,36,134.42912610878307,33.85582749524286,134.5700383270074,33.969887225215416
36302,36,134.29848138830562,33.84856694640763,134.45527333339783,33.9572636134252
36321,36,134.3991652793543,33.951278332928894,134.498551388436,34.02238000013705
36341,36,134.3973811152465,34.05235222487545,134.46914165995986,34.11242610837837
36342,36,134.22055472112368,33.90671444071904,134.4533177818903,34.05688582871818
36368,36,134.03282832706577,33.685706108150555,134.556281946255,33.91765916214081
36383,36,134.36055749723084,33.63016032374014,134.5049143841917,33.72344610835137
36387,36,134.39190639426488,33.681795495266044,134.6799508297671,33.81609833317168
36388,36,134.14925138814124,33.54022444090538,134.3945788853075,33.732509440858166
36401,36,134.55969805432187,34.10092389182432,134.625540777585,34.15538333297462
36402,36,134.52760861234776,34.108282775230066,134.57469083021783,34.14377638677098
36403,36,134.45782944227517,34.10662277512114,134.52999917042553,34.14805610840284
36404,36,134.41293194565299,34.114310278896426,134.4867511149722,34.19251694640013
36405,36,134.36786083041318,34.08723166690805,134.45845917005488,34.17213694636314
36468,36,133.96643778177838,33.86988527928236,134.12706917010632,34.05803055866352
36489,36,133.8185333328472,33.96024222469907,134.00389306111606,34.10819694573263
37201,37,133.92009827531535,34.111030829109666,134.17617505773296,34.43313472099072
37202,37,133.64290749678378,34.20090277464351,133.9050758370804,34.4151717748577
37203,37,133.79565247738014,34.263325279038554,133.95384944229806,34.42691341432277
37204,37,133.7270580543859,34.18798555938622,133.82284221769442,34.259050829232535
37205,37,133.44656166029256,34.012378612682994,133.7404513878215,34.16550889162221
37206,37,134.15472499396344,34.16674777518983,134.2881048378681,34.369627946272885
37207,37,134.20693666689385,34.156882775320014,134.4406961090384,34.27849255938429
37208,37,133.55713518813855,34.050191946301425,133.82357722371012,34.28674308102853
37322,37,134.03637166042392,34.45916638721917,134.3324591700548,34.563925000338656
37324,37,134.19979802925582,34.415476531716706,134.36679121903967,34.56462025182333
37341,37,134.10522917019023,34.15090916172858,134.1695927757861,34.31730861280238
37364,37,133.9507333327773,34.43556138684869,134.02388250267552,34.51248777499097
37386,37,133.8062998307728,34.28708166678564,133.8437049935908,34.33794497268252
37387,37,133.8932563936678,34.13821416175432,134.02884055774575,34.27848777499099
37403,37,133.8001316596485,34.17515582927825,133.83604250265955,34.22269166698703
37404,37,133.61736639364437,34.229973054013385,133.7765449937566,34.3546680540876
37406,37,133.80072172462803,34.072617494801705,134.04988499399747,34.22621861289883
38201,38,132.49286360587087,33.687358053931234,132.92679778229194,34.0725882794257
38202,38,132.80848535711368,33.901906387170186,133.19199594036058,34.299791721411
38203,38,132.2601914791536,33.022663053857,132.67341944175405,33.33777249460513
38204,38,132.3359014137194,33.368740532349875,132.50224583707586,33.551612449854815
38205,38,133.2338758374002,33.81476361335024,133.45501277571918,34.006227224706834
38206,38,132.95677805416403,33.75029500021424,133.277357497151,33.98266649526272
38207,38,132.42533350173994,33.4186108293265,132.839465836979,33.73905108064304
38210,38,132.53125849508365,33.601960829129155,132.78215360600427,33.790540278711035
38213,38,133.35004165999476,33.82924222524866,133.69262610870817,34.043630945911616
38214,38,132.36902294375398,33.303886919445915,132.90098111518648,33.52192333259586
38215,38,132.8223974968472,33.719623054360625,133.02412027193316,33.90803610778033
38356,38,133.130813333069,34.162956387227666,133.36602555083869,34.29139000034843
38386,38,132.82161389056876,33.466312225029355,133.16120972844635,33.77281582918732
38401,38,132.68577603133895,33.770254720978755,132.7707794421177,33.80827944114344
38402,38,132.73639166034707,33.60724499995695,132.8378788852026,33.795678333088745
38422,38,132.6022155513068,33.49129055941194,132.92633778176344,33.65494277498925
38442,38,132.01638866380597,33.343708063276665,132.37712527870883,33.51594513516005
38484,38,132.63442000038287,33.13484777470518,132.78714194574434,33.27750805375382
38488,38,132.60175221789075,33.200891946106594,132.90350138787892,33.388216666965775
38506,38,132.37858727598223,32.90183641381958,132.69151639406653,33.06345138707201
39201,39,133.39500972821656,33.4579341444454,133.6253513877565,33.6820322247076
39202,39,134.03376749717245,33.24399159543594,134.2353111147163,33.487686946295696
39203,39,133.82006083044314,33.446204721370975,134.07050861228277,33.72030027893487
39204,39,133.55986583743868,33.51956546757242,133.68527861161886,33.70584749466633
39205,39,133.30559027207357,33.41963516163355,133.47951303499872,33.52281749523138
39206,39,133.1752330612569,33.340569252169416,133.44288587478343,33.46805222523017
39208,39,132.47981999989327,32.70250361315141,132.8310977820372,33.109141946343925
39209,39,132.76112277559582,32.72133916157321,133.02230649764692,32.93720389184631
39210,39,132.6148649943242,32.90942361260977,133.056852775935,33.26224027866607
39211,39,133.67969693876285,33.515771774647874,133.88644693937488,33.66266277486733
39212,39,133.59669000044335,33.57967777460976,134.06841749697014,33.84079833277701
39301,39,134.19313194578285,33.442108613421965,134.313622348193,33.56753749535926
39302,39,134.01116280192196,33.378411107786576,134.10840472130099,33.44854861272847
39303,39,133.9921066668893,33.422406972903616,134.03017444929162,33.459496387348565
39304,39,133.9558666666136,33.42793453175341,134.06911639430632,33.54706861262656
39305,39,134.0179966674125,33.43496972127576,134.21586555075476,33.612812774689985
39306,39,134.006928053587,33.52688805434042,134.18417333303307,33.69588527898259
39307,39,133.7699988852405,33.515299440816705,133.87210111507454,33.59341472101272
39341,39,133.50653166040797,33.70180694593398,133.64323111512408,33.88215555913189
39344,39,133.58004277595353,33.68375472140343,133.8735144491327,33.88336277487235
39363,39,133.35909444884987,33.66164444103828,133.5839319463024,33.83587194643337
39364,39,133.32633138768358,33.754868613096164,133.49335444934854,33.839263054246715
39386,39,133.15783722400886,33.51005638699286,133.47454861182916,33.831792225031336
39387,39,133.0134008297847,33.44274916184452,133.23474916993837,33.731525828954034
39401,39,133.0498286121009,33.234734162251925,133.26421693886084,33.42172861338497
39402,39,133.19456277635118,33.44029055926205,133.34320916956767,33.55856082871941
39403,39,133.14632555108346,33.46391861285389,133.31055333277027,33.613466386664584
39405,39,132.80699027198364,33.28263833259314,133.03552416290995,33.47918972082914
39410,39,133.29678250261054,33.49787610769636,133.40425416259973,33.58095777518133
39411,39,132.956094993889,33.34296833312226,133.2582394419968,33.4815544413845
39412,39,132.78689250258708,33.11780194640289,133.25609389072065,33.3564016666038
39424,39,132.5983644492601,32.74495305444009,132.7864472239604,32.88813110826419
39427,39,132.76617832706836,32.859273333297836,132.9182566672116,32.945197774857604
39428,39,132.95268221781032,32.97677472107671,133.18321111530088,33.18974249492038
40101,40,130.91506676961592,33.84251646776096,131.02363542173748,33.96988441393472
40103,40,130.6731978474029,33.878175720932916,130.84504622600275,34.01890389200116
40105,40,130.80576533100543,33.86963444127662,130.8691346173689,33.92948699982537
40106,40,130.80946306087174,33.839419162164745,130.9291274971365,34.00116194616703
40107,40,130.79923389133114,33.72126389171541,131.03898538316912,33.86936166700747
40108,40,130.77865360597934,33.79375416162543,130.8492941628955,33.89143610759044
40109,40,130.68234333297858,33.769474161603455,130.80200472144088,33.898944720922316
40131,40,130.28616988343356,33.606032495303566,130.49453527868036,33.712548216427194
40132,40,130.39595274981968,33.5358169462952,130.48566944179152,33.613637215585186
40133,40,130.3564948376668,33.55806194600217,130.4154183272941,33.60977874809089
40134,40,130.36465749734577,33.504774999566735,130.45216778181782,33.576820559221574
40135,40,130.03298286556696,33.5050447206375,130.34347917002788,33.874005468377845
40136,40,130.3481325033125,33.51574500003187,130.39135749655145,33.58163999998618
40137,40,130.2719283274305,33.42495916163614,130.40438138759112,33.59662035984189
40202,40,130.39663683532183,33.000023440629434,130.54245342358684,33.09807777516937
40203,40,130.38520460400946,33.22397345920797,130.7318673280149,33.367690404788505
40204,40,130.68010360559708,33.700007774839094,130.80487778198426,33.79605389177385
40205,40,130.55813749664833,33.503817225184946,130.77571693908567,33.70659582863476
40206,40,130.747884162824,33.56831027919617,130.8459497280976,33.696723612604785
40207,40,130.35214499409642,33.08668323444385,130.47603472142544,33.19657222532811
40210,40,130.5173602196985,33.10405447703266,130.88745690021597,33.3063960720213
40211,40,130.45143082966922,33.17097722491917,130.535918974781,33.25513394557527
40212,40,130.33942221766142,33.17078027878699,130.42341848217734,33.24436116193823
40213,40,130.89433832725217,33.6721397208716,131.04587916958815,33.753206108375366
40214,40,130.98995165984138,33.50789194635638,131.16618664090095,33.63444772108562
40215,40,130.668514993872,33.8012636131254,130.7430697276859,33.84192749455838
40216,40,130.53515138812622,33.34139979316609,130.60931583685658,33.44992916200141
40217,40,130.45365749709595,33.42792444136006,130.62144639443568,33.554676666695
40218,40,130.43404555136124,33.49880277542792,130.47881416344308,33.54881610777733
40219,40,130.4503369392985,33.46382000039284,130.5143208304421,33.562785829302754
40220,40,130.0980547340389,33.75051527925689,130.63981555084717,34.25014321613668
40221,40,130.48312333337526,33.470467774568306,130.5721555513378,33.55644082898124
40223,40,130.44709778183733,33.686993054186246,130.55868916956967,33.75375257692008
40224,40,130.44396413733523,33.730611667194864,130.55511055760633,33.85070004477143
40225,40,130.71835063637297,33.25342171194262,130.86804750968497,33.37317676569535
40226,40,130.53975972832893,33.63806555877869,130.71511165967559,33.79061805388022
40227,40,130.66238472107818,33.47099110805334,130.81762610905787,33.62352666712218
40228,40,130.61547778197428,33.34354594608868,130.8617993393682,33.49942527895365
40229,40,130.41172935142856,33.071890000123574,130.56572106397607,33.18452100863783
40230,40,130.0390263286024,33.465923054205746,130.2922105576713,33.63975158616694
40231,40,130.37123277627177,33.39504027928564,130.4662574971859,33.53038972120885
40341,40,130.48564111494568,33.529813891597996,130.5840888848943,33.5933569458665
40342,40,130.4965194421187,33.595393054146314,130.59710194629793,33.66574805382976
40343,40,130.44227832668366,33.56028305382006,130.50075888491483,33.60982972076516
40344,40,130.48874355387204,33.575606666914325,130.56290944241698,33.61492694592198
40345,40,130.3593499477421,33.674273613336766,130.50898277583462,33.76702577531944
40348,40,130.4671699996959,33.634703080882616,130.56204916983347,33.7106736128971
40349,40,130.44108555135733,33.592805279240395,130.49986972790578,33.637198613225564
40381,40,130.6356425679503,33.86802027871306,130.68551027218155,33.91868045024273
40382,40,130.67657138785944,33.83011027876654,130.72085944180992,33.890498612920794
40383,40,130.54153194584285,33.81274610844633,130.65299944207072,33.89164513521496
40384,40,130.6359672241083,33.809069161912475,130.69126778228247,33.890498612920794
40401,40,130.67112055826738,33.682363891980174,130.72733083015385,33.73254416188371
40402,40,130.63318111541628,33.73959944136129,130.7071613883876,33.821522225370586
40421,40,130.64916306102657,33.529076387265604,130.70514693937992,33.60248833277052
40447,40,130.5609111146564,33.40489916196691,130.6686763943003,33.510954162204996
40448,40,130.76445027206262,33.37296218026057,130.90028066062416,33.48884472090731
40503,40,130.57810156923222,33.3528401345647,130.66679378680396,33.41230582905092
40522,40,130.41238848164323,33.18122110826772,130.46370090807068,33.24423672994129
40544,40,130.50860172498983,33.23022625204004,130.63115552470788,33.286178252124785
40601,40,130.82202499355878,33.63951555909597,130.89053138821316,33.736373612752175
40602,40,130.81033527914997,33.446819161575206,130.94988749671074,33.59137833304379
40604,40,130.75161888540345,33.63927861291779,130.79263138812826,33.675058612665
40605,40,130.78514444935706,33.5096713872249,130.84154527859187,33.62409389201969
40608,40,130.83221722434564,33.58140110767516,130.87095666721655,33.64582889159021
40609,40,130.85584778165003,33.5574513872719,130.9236441633476,33.64990944126788
40610,40,130.74381722438557,33.66404694571014,130.83073055776924,33.74203582889055
40621,40,130.90924639420587,33.73566361328528,131.0418607522721,33.835599279183555
40625,40,130.8675802723119,33.487669162202224,131.010722503441,33.74399194607162
40642,40,131.15290693860447,33.58822972112489,131.18557163372407,33.6212608917769
40646,40,131.067650830022,33.5018450002467,131.19056972841042,33.59825305383555
40647,40,130.96144778158998,33.50732722517148,131.08665948085059,33.69055805401115
41201,41,130.13943166004321,33.140356946016425,130.37904826166812,33.48157305375361
41202,41,129.7402030606229,33.27758722467087,130.17020416269213,33.617527494798196
41203,41,130.4370358367347,33.325575900707406,130.54195916968013,33.42823722466835
41204,41,130.02221027168684,33.234257494587894,130.1827980536874,33.33975777500149
41205,41,129.75896749695255,33.22365555875717,130.0254172244255,33.411828612800434
41206,41,129.89739333343573,33.10821055897031,130.1034927761708,33.28303138668929
41207,41,130.03783805438286,32.9858511081423,130.16972610917276,33.13155944141528
41208,41,130.13655389064968,33.192877775289276,130.24469861225134,33.34186055901773
41209,41,129.92235666712668,33.00391610844184,130.08821499432668,33.17204444139804
41210,41,130.27377111474527,33.2404611889329,130.41950924795356,33.4450213871275
41327,41,130.36509416316528,33.282842494885415,130.41968221816,33.428115828782666
41341,41,130.46237250328852,33.39425305413533,130.54182138814667,33.4491127754344
41345,41,130.4057849936827,33.296612225174215,130.44258245131925,33.40112027907776
41346,41,130.40062583671317,33.264027009439076,130.4893947862406,33.4006219458463
41387,41,129.82811000007666,33.430538053788325,129.90504666657057,33.51979361298504
41401,41,129.80689666664807,33.15616722543729,129.93861527927186,33.241777495135466
41423,41,130.08875555072825,33.19629166742669,130.13775111492214,33.239219441024545
41424,41,130.12488778164595,33.18859027901834,130.2015833327048,33.25408861319909
41425,41,130.07028250283543,33.11243972071668,130.23220976656762,33.2106236133892
41441,41,130.0760605579486,32.95052444135007,130.2250016598989,33.05103055891334
42201,42,129.5528010888993,32.54939466703041,129.99354027156642,32.968578054433806
42202,42,129.0558869390312,33.050331999722175,129.87267778185435,33.342667224812715
42203,42,130.27292971533427,32.73750762207925,130.38192930009734,32.86677322500452
42204,42,129.8854413884095,32.751770081024574,130.20358641967766,32.97537916211883
42205,42,129.9006509467839,32.843915000077345,130.086826939312,33.00410833313322
42207,42,129.33421917037856,33.16868555899151,129.63294749692966,33.60992555881768
42208,42,129.62921360622317,33.266927494808215,129.85973306083224,33.470365000044865
42209,42,129.1670789108632,34.08487153199576,129.49731616071244,34.708015775208025
42210,42,129.62413627766728,33.706011414095656,129.79910160755333,33.87108386512841
42211,42,128.34376335889203,31.988478973226222,129.00734666741494,32.89442222480602
42212,42,129.22217055832482,32.895476748253486,129.8251194422087,33.09929333302108
42213,42,130.12576105123173,32.6555313868642,130.31941675737767,32.88137112567705
42214,42,130.1274483403688,32.59086641395402,130.37288671944668,32.75036931499204
42307,42,129.84643749719294,32.79707694634419,129.92417027234035,32.88221869443737
42308,42,129.79123333285224,32.81006082924404,129.86779693897768,32.873356495306155
42321,42,129.8768366148181,32.98305138731183,130.04263306056748,33.09049333280126
42322,42,129.8033332433347,33.03673514431165,129.92676306096666,33.109587494767254
42323,42,129.84349693893273,33.10037361305194,129.95669277565128,33.16537499985651
42383,42,128.8938527755853,33.152450829242525,129.14352472128905,33.228068333287126
42391,42,129.62205666738146,33.207835170956514,129.6914599999792,33.27893861342642
42411,42,128.93018055778668,32.81722666687733,129.19656138819767,33.16367444122267
43101,43,130.68593652385164,32.769265522685885,130.7639700520764,32.82969727880652
43102,43,130.72769096006994,32.75020995512551,130.8290536576004,32.85440257721734
43103,43,130.5715398053179,32.75372890066842,130.71039600517167,32.86358047705755
43104,43,130.6030993766351,32.66063757736248,130.77781321740622,32.779399999910254
43105,43,130.63477457828435,32.81920020662443,130.79051403419555,32.97985891006084
43202,43,130.4907963940385,32.338598873739215,131.0248804539699,32.60211672140974
43203,43,130.65164392992358,32.09492408138141,130.87838142686155,32.29548070287228
43204,43,130.41413669265444,32.936675595002896,130.53046900134348,33.01202075735222
43205,43,130.3602648514419,32.112904603864536,130.59673529180043,32.238161783639555
43206,43,130.4764785341572,32.8420242609111,130.63081644612225,32.99509853187192
43208,43,130.62941180311236,32.932209846807154,130.84574474742237,33.17130874830025
43210,43,130.72840476007184,32.90156316201046,130.9702730482627,33.09546786524993
43211,43,130.49947407297032,32.64632711710294,130.71676678276094,32.71730959536171
43212,43,130.30476831390672,32.36673814435005,130.48743311304793,32.62580562223184
43213,43,130.45124993463696,32.55857913461955,130.7827143966523,32.68113492813461
43214,43,130.94272444877447,32.874569676249735,131.25379591375065,33.04567195479706
43215,43,129.96344639373626,32.144755559121904,130.39077654979815,32.553215559050955
43216,43,130.7199777689591,32.85163906309248,130.84711625221348,32.92753217067332
43348,43,130.77378839242056,32.56077182925668,130.97720710812177,32.66487618918495
43364,43,130.6061841501786,32.86094227896319,130.65196346264383,32.94469982923391
43367,43,130.49490234776533,32.988353864739224,130.60199254232214,33.08725308985839
43368,43,130.4377811669675,32.90044339634585,130.4983836962508,32.95258644111152
43369,43,130.56119946788135,32.94125149486075,130.65880256758464,33.11601924279398
43403,43,130.83165971482413,32.83681026957845,130.98847125794236,32.953665514252236
43404,43,130.74856081722805,32.822010604206184,130.8744010643578,32.89683070277488
43423,43,130.99820478592233,33.01933445881838,131.19863730187012,33.11636064882504
43424,43,130.9785207784114,33.09407607175348,131.17316783422837,33.19512271244338
43425,43,131.15122758778318,32.959817198105384,131.26321381296725,33.07105573863157
43428,43,131.09453212715607,32.75343696364513,131.32950487704863,32.90865187378512
43432,43,130.87183396936234,32.779521721350534,130.99591789899205,32.86745683836256
43433,43,130.94873504518637,32.783653251796295,131.11577670573058,32.90986687405717
43441,43,130.75704745767416,32.66157763060335,130.9602633978377,32.79083335987184
43442,43,130.69529172503326,32.728331802370974,130.79727171182026,32.76338697283069
43443,43,130.77812201042263,32.73137173032126,130.88996706902515,32.84007129675308
43444,43,130.75340778174393,32.62627520683549,130.8761191696641,32.72033232377788
43447,43,130.88788077767595,32.54922365824541,131.23500549870494,32.819655712341444
43468,43,130.61805062273822,32.527615278722294,130.72377395570368,32.622688036024215
43482,43,130.46363284018355,32.182527017607924,130.6421927755763,32.410277332832834
43484,43,130.42552160793605,32.208729287926474,130.49532948077115,32.28999979275642
43501,43,130.7815609855512,32.12126680242113,130.9134289234063,32.251514422752564
43505,43,130.88534412473177,32.15338827015273,131.10896530530476,32.35872438722083
43506,43,130.96351612157196,32.22968337828547,131.05453758773967,32.320140404756046
43507,43,130.93873551213437,32.28041746779206,131.11185372177204,32.46274773891719
43510,43,130.77772735373458,32.20436893667727,130.8994138913382,32.37918245021007
43511,43,130.7204590267628,32.34242154102145,130.9609434633703,32.49896933276864
43512,43,130.69384483816896,32.2292664319005,130.81571987007612,32.39292425205275
43513,43,130.57940086925487,32.15126546812701,130.73432160755635,32.37842871221545
43514,43,130.84750766504692,32.11539522500982,130.99582124525443,32.326357233699525
43531,43,130.01248855989934,32.4291724946151,130.1264872241063,32.54359491037695
44201,44,131.41873417604154,33.07036081989611,131.95680613479544,33.27942777537169
44202,44,131.37846832735158,33.22445999962946,131.52107666695474,33.3543438918573
44203,44,130.92628588768378,33.34839655016083,131.27903581055443,33.61993613464506
44204,44,130.82485146562283,33.023070685064226,131.0906901037655,33.45762453214661
44205,44,131.47514478630308,32.71454219796425,132.08473050590828,33.069923332995586
44206,44,131.62896352774476,32.95080330582806,131.91158416277904,33.20751694585056
44207,44,131.782375279196,33.02898110779205,132.0166752786414,33.17129582863976
44208,44,131.19313398244753,32.827972981667926,131.45797465640544,33.1539586038067
44209,44,131.41234333277873,33.4753041621575,131.59629027197866,33.68410889241164
44210,44,131.40559861168674,33.35547555914991,131.71875166006123,33.55947916243355
44211,44,131.21577224399402,33.30938582859329,131.44847749723885,33.5831535859694
44212,44,131.34705920901547,32.803358459025844,131.67846858575683,33.11756423400237
44213,44,131.25654670606582,33.10485619835504,131.5432011152394,33.32709082937845
44214,44,131.54450469513574,33.43413277530749,131.74504080399004,33.69223110777955
44322,44,131.63120374795483,33.71679599144204,131.70156408601395,33.740213332979124
44341,44,131.4162813875762,33.34288722506557,131.6170292220212,33.427727693978056
44461,44,131.1111774711635,33.073596604000215,131.32371896186078,33.304660712322175
44462,44,131.0339983789222,33.18330228787045,131.3333913494314,33.3884456667343
45201,45,131.18929555094905,31.721013126055084,131.5063965763411,32.06573666711364
45202,45,130.8750266669473,31.619915000077356,131.25436360629556,31.944685558991523
45203,45,131.42877861224338,32.489873333287846,131.88570722400937,32.83712416175081
45204,45,131.1603372236841,31.489763054121795,131.46942278863094,31.78199361341467
45205,45,130.8613702719207,31.885754721003764,131.20991722400083,32.17437804471115
45206,45,131.33832944225014,32.295462225401536,131.68994298268274,32.475885558771665
45207,45,131.16032542188088,31.36090186462951,131.39225001322768,31.636965828610244
45208,45,131.17506226960825,32.01791027913623,131.450101387769,32.34074008128988
45209,45,130.703376938695,31.933940559009784,130.97325499422277,32.133594009356216
45341,45,131.09549499439868,31.6681352794198,131.26960082961477,31.797740279290622
45361,45,130.9120255511384,31.87999777477762,131.10369194612656,31.975756107758343
45382,45,131.18884083034027,31.965453333204948,131.3890063942299,32.132100559193645
45383,45,131.15099111464838,31.97140610770589,131.27851472087787,32.13146805430745
45401,45,131.44306499405445,32.087352982254515,131.54344932632557,32.17163610802015
45402,45,131.40615527944271,32.041374495137006,131.5199857065753,32.12791361342266
45403,45,131.04162225656205,32.12795222491542,131.28205499384308,32.31703095471494
45404,45,131.2873877820207,32.132307494995075,131.492654993933,32.33218638739203
45405,45,131.43826944198133,32.1554727754484,131.573025291784,32.26391694611033
45406,45,131.42384499355182,32.228650828872844,131.59202136199644,32.32358472095825
45421,45,131.50624861178414,32.437145278631874,131.73282227023174,32.54769444114572
45429,45,131.20606604371312,32.46346249489841,131.41316693910312,32.64211305407434
45430,45,131.0069592741513,32.300712757088206,131.2980032040848,32.60254718910164
45431,45,131.19403735414073,32.30903000033442,131.5326658371588,32.56879472079987
45441,45,131.22612360621963,32.62944722540931,131.42154893623456,32.833440233779925
45442,45,131.31008360557416,32.55989166726681,131.51746555079467,32.83722799117902
45443,45,131.1049911022577,32.55792915320802,131.2690688851211,32.744331586034036
46201,46,130.38785861218537,31.293305000225757,130.72449316512768,31.752386386622618
46203,46,130.75896360628553,31.22778527926738,130.97014330666843,31.616444721346966
46204,46,130.24287861195853,31.246709080859546,130.37610610891,31.339404721351002
46206,46,130.16077213962274,31.928156386708054,130.31229221841136,32.12884082884136
46208,46,130.22572749732626,31.97028194615507,130.5135122176149,32.168609748141535
46210,46,130.50628722437614,31.157806667443936,130.68174888470344,31.304363666650033
46213,46,130.83648555066782,30.58751833280496,131.08338055806644,30.83983277536248
46214,46,130.69116932630357,31.41404664893389,130.82750082969972,31.631934063306517
46215,46,129.65877147912067,31.62201861326855,130.58945861182565,31.977497775302254
46216,46,130.31298778196071,31.47507444063308,130.47095972840896,31.73392082918309
46217,46,130.8548530613199,31.52944027944551,131.16991639382672,31.806476666864853
46218,46,130.58945861182565,31.604760278764047,130.9140138910284,31.942673612797137
46219,46,130.17752111520747,31.658584640269112,130.37945165976646,31.790659162290694
46220,46,129.42857241158765,30.840954918834598,130.44591861235426,31.492601387344337
46221,46,130.9297652792444,31.4256699996709,131.20544749720443,31.633497225316887
46222,46,129.34386306113151,28.19345055899629,129.7221249940734,28.530765828580286
46223,46,130.31162000036295,31.21339055882737,130.54414972842744,31.475772495304568
46224,46,130.47554983125985,31.934868892285692,130.7212436447786,32.18749936020748
46225,46,130.47293610911436,31.672885558721703,130.72285360570947,31.87988499979309
46303,46,129.90448778198572,30.772409999921706,130.44600722435405,30.85125222461062
46304,46,128.9725758374052,28.79219861337549,129.94721250305474,30.007406108105556
46392,46,130.3379055506009,31.819051946390402,130.62780666704418,32.031587495266876
46404,46,130.09073972765646,32.09026610759497,130.26916666680836,32.30488249523114
46452,46,130.62185416323916,31.903466946042897,130.81644805383485,32.058545278841734
46468,46,130.90032194580135,31.39498653170324,131.06042088241793,31.553464162441287
46482,46,130.9526594419798,31.350204440582615,131.0353877559404,31.43784805404465
46490,46,130.7676797015572,31.12175027905232,130.94476250318712,31.31019416213104
46491,46,130.65320805420856,30.99516027882396,130.9011327763567,31.24395402665715
46492,46,130.88224916996342,31.1124697207012,131.13188221818996,31.39622722470682
46501,46,130.88137917031258,30.443733332827208,131.03428862522003,30.64388833328013
46502,46,130.84957832707835,30.343732747568424,130.97928128380443,30.481634162386854
46505,46,130.14393805399823,30.226588612774435,130.67173083011392,30.49009972092557
46523,46,129.2590413880498,28.28325333317497,129.43472944191035,28.38507277478891
46524,46,129.13488693898125,28.23339527866932,129.3795494423531,28.323415559280818
46525,46,129.13488693898125,28.000482495171184,129.4301016601637,28.25519444127059
46527,46,129.52192555092358,28.343638613231576,129.64830472128608,28.47751694595047
46529,46,129.91342444857958,28.274508332793516,130.03518194628998,28.378571386860187
46530,46,128.90624805400466,27.695780000147067,129.03769111525298,27.892879161844007
46531,46,128.8788588854294,27.73879305375658,128.98488194624497,27.893956946256253
46532,46,128.88111722428062,27.660995828694695,128.99924722378057,27.75316082870944
46533,46,128.57460832671313,27.36220138668483,128.71384778164997,27.440646387121205
46534,46,128.52004861205398,27.328747774790145,128.62398055755682,27.405242494645563
46535,46,128.39553055808892,27.018985279347305,128.45825333262542,27.06809110761867
47201,47,127.6304585075543,26.17642861259054,127.73835693902174,26.246099468315947
47205,47,127.72429003855461,26.24985527909803,127.78707666675496,26.297869441022044
47207,47,123.45781805366039,24.327434287662413,124.34051640690689,25.928527774637246
47208,47,127.66863477337631,26.233440828831363,127.75295722379701,26.274601054195443
47209,47,127.89850306126743,26.505254198422676,128.15108558992824,26.67986317104868
47210,47,127.64796483820692,26.074563828957707,127.73157841780994,26.169596667152632
47211,47,127.7721647210252,26.29959974832991,127.8556230218851,26.421746945665177
47212,47,127.6311803762735,26.151656278714484,127.71388022039605,26.198430558823418
47213,47,127.78833778156354,26.24162035979191,128.0040300776261,26.45021110805635
47214,47,125.13534819666211,24.71151583788577,125.46927745758876,24.93879997334028
47215,47,127.7295397275766,26.1259513415813,127.90933914368668,26.198576667179623
47301,47,128.1505670300446,26.667764891936372,128.33487719822426,26.87557402682006
47302,47,128.08038697817665,26.615191107883504,128.20010111457498,26.71782356810337
47303,47,128.0956716596196,26.590149999922744,128.26522965022832,26.708360279203703
47306,47,127.91736306135635,26.63580338661717,128.02726562930548,26.714573269840685
47308,47,127.81273389125624,26.605618332819972,127.9628533326154,26.70986899985462
47311,47,127.74189326756039,26.415214441193655,127.94097221839331,26.531454440770005
47313,47,127.92788861236977,26.4648388113622,128.00240038916684,26.529566386979354
47314,47,127.83537861173374,26.435308892091882,127.95073670643399,26.502047494796216
47315,47,127.74904439678164,26.70509255028111,127.83128437077721,26.739129027183026
47324,47,127.71138094687342,26.361274441262594,127.78603027227939,26.440895225234613
47325,47,127.73834937662264,26.34017277485384,127.78835111491219,26.407961666997494
47326,47,127.74274712078318,26.293189720729174,127.78588749681069,26.345932775177573
47327,47,127.77581610882658,26.284888613119165,127.8287337216841,26.32606305406688
47328,47,127.76487693891977,26.23192382902164,127.81692165990682,26.290084296952898
47329,47,127.73318583725677,26.207491053969136,127.7899544748193,26.256721387082507
47348,47,127.7392530612799,26.186262495018298,127.77606728857472,26.214879999912228
47350,47,127.707743060594,26.168578891802554,127.74860472093133,26.218168333202186
47353,47,127.33718917014426,26.138611667294754,127.58432972843434,26.266997494938607
47354,47,127.23194306062396,26.160573054103338,127.33317666676999,26.251054441409508
47355,47,127.20813277560728,26.574955278563436,127.24821111475137,26.601981108441578
47356,47,127.09980610856519,26.351866108134573,127.16153722406386,26.387610558580604
47357,47,131.21346749742725,25.812606386875416,131.27322306139536,25.87241944090465
47358,47,131.18062722406728,24.46133082895477,131.33211333276427,25.9610030536482
47359,47,127.91273778242294,26.98924833344398,128.02189749687216,27.095047224749806
47360,47,127.91195138824617,26.891763332711776,127.95943805372337,26.977881386616843
47361,47,126.70908250295531,26.290937494569903,128.23629499401898,27.885262494968345
47362,47,127.69652852097465,26.09822474827365,127.76222848225882,26.180166107779826
47375,47,124.67093888472198,24.63811749462684,124.7282536706706,24.76192289162833
47381,47,123.55674861205898,24.045934162032097,124.10201693863098,24.47689472111466
47382,47,122.93388568127932,24.43670632383794,123.0434085734471,24.47418445944544
